model,dataset,difficulty,statistic,auc_mean,ci_lo,ci_hi
M2V_base_glove,gov-ai,Easy ($d$: top 20%),Worst,0.356506180413833,0.33502438021719516,0.3804693320710844
potion-base-4M,gov-ai,Hard ($d$: bottom 20%),Mean,0.08574521867885722,0.06518033188236802,0.10868580010233439
multilingual-e5-base,rai,Hard ($d$: bottom 20%),Worst,-0.006457619803588923,-0.03661374854417393,0.010387386814503519
potion-multilingual-128M,welfare,Hard ($d$: bottom 20%),Mean,0.004599059365138904,-0.005056948977034213,0.012691785602652614
M2V_base_output,gov-ai,Hard ($d$: bottom 20%),Best,0.05775542057178937,0.03010742073485211,0.0811026641804096
snowflake-arctic-embed-l-v2.0,gov-ai,Hard ($d$: bottom 20%),Worst,0.033679893632652,0.012350575006171965,0.054669530890578785
model2vecdk,rai,Hard ($d$: bottom 20%),Mean,0.022376062501598754,0.011058684489424212,0.03710552687966669
paraphrase-multilingual-mpnet-base-v2,gov-ai,Hard ($d$: bottom 20%),Mean,0.02596756544186989,0.005873730329903282,0.05112581583309843
paraphrase-multilingual-MiniLM-L12-v2,rai,Easy ($d$: top 20%),Worst,0.29316945366838154,0.2845532636788592,0.3023011155719889
static-similarity-mrl-multilingual-v1,rai,Easy ($d$: top 20%),Mean,0.2242972639601351,0.20872765897932707,0.23882659014229368
multilingual-e5-base,rai,Hard ($d$: bottom 20%),Best,0.0193774083543941,0.012573476033190978,0.03693751933678342
multilingual-e5-base,welfare,Hard ($d$: bottom 20%),Best,0.043752188327674586,0.029611406652383886,0.060711133109540585
multilingual-e5-small,gov-ai,Hard ($d$: bottom 20%),Mean,0.031241173629816064,0.0014575979013564948,0.05431358718923675
multilingual-e5-small,welfare,Easy ($d$: top 20%),Worst,0.3086812637521473,0.2946044691429189,0.3207683220925509
EmbeddingGemma-Scandi-300m,gov-ai,Hard ($d$: bottom 20%),Worst,0.015849248939927146,-0.011496857822656819,0.03620157809601211
mxbai-embed-large-v1,gov-ai,Easy ($d$: top 20%),Best,0.5584786177226532,0.5361326954890743,0.5833829819266522
Human,rai,Hard ($d$: bottom 20%),Mean,0.4526439527946539,0.3087178368340684,0.596184831419832
static-similarity-mrl-multilingual-v1,gov-ai,Hard ($d$: bottom 20%),Mean,-0.004700376010332006,-0.0254959937090605,0.02087064145308053
static-similarity-mrl-multilingual-v1,rai,Hard ($d$: bottom 20%),Best,0.01567325901961612,0.0012303890443217337,0.04861368729682092
multilingual-e5-small,rai,Easy ($d$: top 20%),Mean,0.2947613449777757,0.28399046209236894,0.3097286422617406
M2V_base_glove,rai,Easy ($d$: top 20%),Best,0.08517972402123233,0.07466350018789629,0.09476193275407958
model2vecdk,welfare,Hard ($d$: bottom 20%),Best,0.050393163711385004,0.03876784767459468,0.05972729466845936
nb-sbert-base,rai,Easy ($d$: top 20%),Mean,0.33049506430244463,0.3189616613396956,0.34603413855619364
LaBSE,gov-ai,Hard ($d$: bottom 20%),Mean,-0.0018435617860900555,-0.030955622051411964,0.02082770146263097
nb-sbert-base,rai,Easy ($d$: top 20%),Worst,0.3172473680303893,0.3047561576043731,0.3248943019879328
mmBERTscandi-base-embedding,rai,Easy ($d$: top 20%),Worst,0.27759874946752716,0.2711595247946345,0.2829672400777035
text-embedding-3-small,rai,Easy ($d$: top 20%),Best,0.3464249547802236,0.31400756235901306,0.3889807087229938
nb-sbert-base,rai,Hard ($d$: bottom 20%),Mean,0.01169344281797502,-0.0012665375606915412,0.027263938053870534
multilingual-e5-large-instruct,welfare,Easy ($d$: top 20%),Best,0.4840925729201274,0.4726765600656033,0.49837443558574135
M2V_base_output,rai,Easy ($d$: top 20%),Mean,0.1162577193809633,0.09838298971900473,0.1301557079211306
model2vecdk-stem,welfare,Hard ($d$: bottom 20%),Best,0.04465432611434366,0.029029506453970566,0.06074098963116086
multilingual-e5-base,rai,Easy ($d$: top 20%),Best,0.31208882373626506,0.2752291483605122,0.3490060567262583
xlm-roberta-base,gov-ai,Easy ($d$: top 20%),Worst,0.2449474507128177,0.21861891110038534,0.27125775772248184
model2vecdk,gov-ai,Easy ($d$: top 20%),Best,0.3131817109471266,0.28779813817771394,0.34094586181103115
m2v-dfm-large,rai,Easy ($d$: top 20%),Worst,0.27592991795360505,0.25538684465461475,0.28763946590193334
Human,rai,Hard ($d$: bottom 20%),Worst,0.3293762744630568,0.15911136564998882,0.5113524146621049
multilingual-e5-small,welfare,Easy ($d$: top 20%),Best,0.3696480463420631,0.35703453725331863,0.3843615104342245
M2V_base_output,gov-ai,Hard ($d$: bottom 20%),Worst,0.05775542057178937,0.03010742073485211,0.0811026641804096
snowflake-arctic-embed-l-v2.0,welfare,Easy ($d$: top 20%),Best,0.43941700447357573,0.42690685814873897,0.4558410246443019
multilingual-e5-small,rai,Hard ($d$: bottom 20%),Best,0.02354531109966657,0.014665460424753867,0.05109942327772959
text-embedding-ada-002,welfare,Hard ($d$: bottom 20%),Mean,0.02331070186872573,0.01315407364510431,0.02815741634079144
dfm-sentence-encoder-large,gov-ai,Easy ($d$: top 20%),Worst,0.3674972138156072,0.3393445992668302,0.397961404285176
M2V_base_output,welfare,Easy ($d$: top 20%),Worst,0.14796687403080824,0.1358465501870783,0.15775029543535074
mmBERTscandi-base-embedding,gov-ai,Easy ($d$: top 20%),Mean,0.5915956597535214,0.574534499154716,0.6120819707502383
paraphrase-multilingual-MiniLM-L12-v2,gov-ai,Hard ($d$: bottom 20%),Worst,0.04093264585799595,0.017298845869953488,0.06691419540831232
potion-base-2M,rai,Easy ($d$: top 20%),Worst,0.08453476319958719,0.05575088546188732,0.11637025825745012
nb-sbert-base,welfare,Hard ($d$: bottom 20%),Best,0.03461392030143783,0.019762410721069806,0.04915845097003087
M2V_base_output,rai,Hard ($d$: bottom 20%),Mean,0.028337388277210024,0.01194757127021879,0.041373975241574455
Qwen3-Embedding-0.6B,rai,Easy ($d$: top 20%),Worst,0.13218301687190923,0.12191609942905593,0.14093116537537076
mxbai-embed-large-v1,welfare,Easy ($d$: top 20%),Worst,0.16990160892346315,0.15309867208061806,0.18550684056556851
potion-base-8M,welfare,Hard ($d$: bottom 20%),Best,0.05730571484891212,0.04697432084315965,0.07586070719630117
mmBERTscandi-base-embedding,welfare,Easy ($d$: top 20%),Mean,0.3427264825352339,0.3328070165041837,0.3501969299064388
model2vecdk,rai,Easy ($d$: top 20%),Mean,0.28879000787837655,0.2731001670384817,0.29990154489991894
model2vecdk,welfare,Hard ($d$: bottom 20%),Mean,0.03236223004704845,0.022695208605495388,0.04084504385993049
static-similarity-mrl-multilingual-v1,welfare,Hard ($d$: bottom 20%),Best,0.03744224180447819,0.02482834085926869,0.05519358844967771
multilingual-e5-large,gov-ai,Easy ($d$: top 20%),Best,0.36571427340440255,0.3436017796785542,0.39081581070698374
potion-multilingual-128M,welfare,Easy ($d$: top 20%),Best,0.4164698434837068,0.4033055607980855,0.43088997567506754
xlm-roberta-base,welfare,Easy ($d$: top 20%),Worst,0.04008003643831055,0.026178847184890462,0.05983459131451315
dfm-sentence-encoder-large,rai,Easy ($d$: top 20%),Mean,0.26567051358815147,0.25082260401890294,0.2807251637485062
m2v-dfm-large,rai,Hard ($d$: bottom 20%),Worst,-0.020496336234896866,-0.06228312418107347,0.014452749432699037
bge-m3,welfare,Hard ($d$: bottom 20%),Worst,-0.005902292411028294,-0.01818162963305956,0.008508498441114268
bge-m3,welfare,Easy ($d$: top 20%),Best,0.44483714645882955,0.4304159509891752,0.45917681340097066
multilingual-e5-base,gov-ai,Easy ($d$: top 20%),Worst,0.4215458796972543,0.39504143864017677,0.4507704476276915
multilingual-e5-large-instruct,gov-ai,Hard ($d$: bottom 20%),Worst,0.057756027764376085,0.037422117246371386,0.08864466840590804
xlm-roberta-large,gov-ai,Hard ($d$: bottom 20%),Worst,0.05748277462704731,0.038688879587313554,0.08063596001322423
M2V_base_glove_subword,rai,Hard ($d$: bottom 20%),Mean,0.023323631580543607,0.012194804600704384,0.0357593074451829
text-embedding-3-large,gov-ai,Easy ($d$: top 20%),Best,0.5113831559513049,0.4892704895236922,0.5398733412778356
text-embedding-3-large,welfare,Easy ($d$: top 20%),Mean,0.43636002705996496,0.4294361582313693,0.44480098216024155
xlm-roberta-base,gov-ai,Hard ($d$: bottom 20%),Mean,0.026323870571895457,0.004361541985732093,0.04991691218536865
m2v-dfm-large,welfare,Hard ($d$: bottom 20%),Mean,0.03228566489072666,0.02321642052853649,0.038478236277581
potion-base-2M,rai,Easy ($d$: top 20%),Best,0.13803400850275235,0.12914428502194852,0.1492845292057775
mmBERTscandi-base-embedding,rai,Hard ($d$: bottom 20%),Mean,0.013796691101579623,0.00041941285747142793,0.025385052575060338
text-embedding-ada-002,gov-ai,Easy ($d$: top 20%),Mean,0.5003491308592273,0.478265056429628,0.5224831108733178
text-embedding-3-large,gov-ai,Hard ($d$: bottom 20%),Best,0.03870811488066364,0.015273953270866425,0.06433152640618293
text-embedding-3-small,rai,Hard ($d$: bottom 20%),Worst,0.014504921490263698,-0.015083365897401753,0.026367200265548455
text-embedding-3-large,gov-ai,Easy ($d$: top 20%),Worst,0.5113831559513049,0.4892704895236922,0.5398733412778356
Qwen3-Embedding-Scandi-0.6B,rai,Hard ($d$: bottom 20%),Best,0.08050428216805948,0.0488989566172433,0.11719610843581088
Human,rai,Hard ($d$: bottom 20%),Best,0.6074703682648955,0.37053390033171535,0.8587016253541334
M2V_base_glove_subword,welfare,Easy ($d$: top 20%),Best,0.25231076089287485,0.23639850085087943,0.2650674828431982
potion-base-4M,welfare,Easy ($d$: top 20%),Worst,0.16433858643454208,0.14965335308919708,0.18043763265548832
m2v-dfm-large,rai,Hard ($d$: bottom 20%),Best,0.03170177683548476,0.023736102218032733,0.03934747666434135
text-embedding-3-large,welfare,Easy ($d$: top 20%),Best,0.4763727636000612,0.45969282743432033,0.48994067064271823
M2V_base_glove,gov-ai,Easy ($d$: top 20%),Best,0.356506180413833,0.33502438021719516,0.3804693320710844
Qwen3-Embedding-Scandi-0.6B,welfare,Hard ($d$: bottom 20%),Worst,-0.017633601800640178,-0.029645716767792093,-0.002995851515655902
nb-sbert-base,rai,Hard ($d$: bottom 20%),Best,0.02253758556532025,0.012751226006715122,0.04194131006487689
dfm-sentence-encoder-large,rai,Easy ($d$: top 20%),Best,0.28184791580118984,0.2702415540376844,0.3088438028317765
xlm-roberta-base,gov-ai,Easy ($d$: top 20%),Mean,0.2449474507128177,0.21861891110038534,0.27125775772248184
Qwen3-Embedding-Scandi-0.6B,welfare,Hard ($d$: bottom 20%),Best,0.018168720987761375,0.0020782206896317493,0.03661394267566825
nb-sbert-base,welfare,Easy ($d$: top 20%),Mean,0.429441889263312,0.4222024074717996,0.4371240682348164
snowflake-arctic-embed-l-v2.0,rai,Easy ($d$: top 20%),Worst,0.29811276935863834,0.2927504622438901,0.30491032637354987
Qwen3-Embedding-Scandi-0.6B,welfare,Hard ($d$: bottom 20%),Mean,-0.001258351203016503,-0.008664145372463137,0.0070947107377674545
model2vecdk,gov-ai,Easy ($d$: top 20%),Worst,0.3131817109471266,0.28779813817771394,0.34094586181103115
text-embedding-3-small,rai,Hard ($d$: bottom 20%),Mean,0.02466864979698158,0.006763067526594285,0.03801841280009424
M2V_base_output,gov-ai,Hard ($d$: bottom 20%),Mean,0.05775542057178937,0.03010742073485211,0.0811026641804096
bge-m3,rai,Easy ($d$: top 20%),Best,0.3231541405458814,0.30942163356117164,0.34484845167775646
multilingual-e5-large,welfare,Easy ($d$: top 20%),Worst,0.3557868775543269,0.33882721654353937,0.37040034235153557
Qwen3-Embedding-Scandi-0.6B,gov-ai,Hard ($d$: bottom 20%),Mean,0.04747467855679318,0.02054716304793115,0.07988065992406727
Human,gov-ai,Easy ($d$: top 20%),Mean,1.0,1.0,1.0
M2V_base_output,welfare,Easy ($d$: top 20%),Mean,0.19665480052959552,0.18758047479740456,0.2046526966206604
multilingual-e5-small,welfare,Hard ($d$: bottom 20%),Worst,-0.021550368462181578,-0.038187962481175286,-0.006505370945704896
text-embedding-3-large,gov-ai,Hard ($d$: bottom 20%),Mean,0.03870811488066364,0.015273953270866425,0.06433152640618293
multilingual-e5-large,rai,Easy ($d$: top 20%),Mean,0.29426224868011497,0.2829566716690754,0.3064679369054877
LaBSE,rai,Hard ($d$: bottom 20%),Best,0.049467767439003725,0.015834569753402295,0.08154518872939924
mxbai-embed-large-v1,welfare,Easy ($d$: top 20%),Best,0.21793370214420255,0.20227003584463907,0.23383982196680766
Human,gov-ai,Easy ($d$: top 20%),Best,1.0,1.0,1.0
Qwen3-Embedding-0.6B,welfare,Hard ($d$: bottom 20%),Worst,-0.038685424401690004,-0.04837865141671733,-0.024735387986040733
bge-m3,gov-ai,Easy ($d$: top 20%),Best,0.44784898682600444,0.4201249118528531,0.46910429809914445
multilingual-e5-small,gov-ai,Easy ($d$: top 20%),Best,0.4166302400164899,0.39374266400135594,0.44290491991195713
dfm-sentence-encoder-large,welfare,Easy ($d$: top 20%),Best,0.34790678783142703,0.33085624940343106,0.36322384963639526
Qwen3-Embedding-Scandi-0.6B,gov-ai,Easy ($d$: top 20%),Worst,0.5457935788536186,0.5202645898361413,0.5671539447743157
potion-base-8M,gov-ai,Hard ($d$: bottom 20%),Best,0.05497861353998445,0.026602918888538336,0.08431965497392603
mxbai-embed-large-v1,rai,Easy ($d$: top 20%),Best,0.2702516964096949,0.23280134516548232,0.3076206307953186
multilingual-e5-large-instruct,rai,Hard ($d$: bottom 20%),Best,0.07028894117011605,0.01795905756977546,0.12041077984202907
model2vecdk,gov-ai,Easy ($d$: top 20%),Mean,0.3131817109471266,0.28779813817771394,0.34094586181103115
potion-base-2M,gov-ai,Hard ($d$: bottom 20%),Best,0.05078170013450221,0.02284172711079091,0.07480537885268931
multilingual-e5-base,gov-ai,Easy ($d$: top 20%),Mean,0.4215458796972543,0.39504143864017677,0.4507704476276915
M2V_base_output,rai,Easy ($d$: top 20%),Worst,0.08012104725771253,0.03324630190077006,0.11769870294820432
potion-base-8M,gov-ai,Hard ($d$: bottom 20%),Mean,0.05497861353998445,0.026602918888538336,0.08431965497392603
potion-multilingual-128M,rai,Hard ($d$: bottom 20%),Worst,0.005520476172039408,-0.013674925295295003,0.013226575107897093
potion-multilingual-128M,gov-ai,Hard ($d$: bottom 20%),Mean,0.027646850118833468,0.003841953366259754,0.05364917890891051
xlm-roberta-base,rai,Easy ($d$: top 20%),Mean,0.17424157426662493,0.16081188735369734,0.18982679736210362
potion-base-2M,gov-ai,Easy ($d$: top 20%),Mean,0.39191690901499093,0.36318811995731004,0.4129902286953375
M2V_base_glove_subword,rai,Easy ($d$: top 20%),Worst,0.07154098523449436,0.03165111152095869,0.11216307562260269
potion-multilingual-128M,gov-ai,Hard ($d$: bottom 20%),Worst,0.027646850118833468,0.003841953366259754,0.05364917890891051
potion-base-4M,welfare,Hard ($d$: bottom 20%),Mean,0.022710436335567952,0.015217579459138502,0.02980561851211311
LaBSE,welfare,Easy ($d$: top 20%),Best,0.44866218040519384,0.43034932708332196,0.4631166283305277
Qwen3-Embedding-Scandi-0.6B,welfare,Easy ($d$: top 20%),Mean,0.2796292166508836,0.27231560955976897,0.28598570745614343
paraphrase-multilingual-mpnet-base-v2,rai,Hard ($d$: bottom 20%),Best,0.042711977483223855,0.021335785240152904,0.08034374589266163
multilingual-e5-large,gov-ai,Hard ($d$: bottom 20%),Mean,0.02572548834219503,-0.0014929249308554128,0.05212491653366587
potion-base-8M,rai,Easy ($d$: top 20%),Best,0.13097056535830448,0.12120511684245487,0.13878387518106558
Qwen3-Embedding-Scandi-0.6B,rai,Easy ($d$: top 20%),Worst,0.2709940083386528,0.2617149815963105,0.2775214077690101
static-similarity-mrl-multilingual-v1,welfare,Hard ($d$: bottom 20%),Mean,0.02155963833244556,0.01495206332828091,0.029245756657231597
potion-multilingual-128M,welfare,Hard ($d$: bottom 20%),Best,0.025884303171814223,0.008372165219493011,0.042372782218756046
dfm-sentence-encoder-large,welfare,Hard ($d$: bottom 20%),Mean,0.02852363346318907,0.02070669958410581,0.03569777812917399
bge-m3,rai,Hard ($d$: bottom 20%),Worst,0.0051270663985032595,-0.005913493064354414,0.013152319758788712
LaBSE,gov-ai,Hard ($d$: bottom 20%),Best,-0.0018435617860900555,-0.030955622051411964,0.02082770146263097
dfm-sentence-encoder-large,gov-ai,Hard ($d$: bottom 20%),Worst,0.05409794405935741,0.025027409891298445,0.07988735399200508
potion-multilingual-128M,rai,Easy ($d$: top 20%),Mean,0.24907386683135033,0.23346334344093672,0.2617267380862737
xlm-roberta-large,welfare,Easy ($d$: top 20%),Best,0.195553006282188,0.1749485511301842,0.2107555460919672
Qwen3-Embedding-0.6B,rai,Hard ($d$: bottom 20%),Best,-0.008559491348663035,-0.015978011943453035,0.0008234459516927705
potion-base-4M,rai,Easy ($d$: top 20%),Mean,0.13041989910367938,0.11267513022006766,0.14411226831910026
model2vecdk-stem,gov-ai,Easy ($d$: top 20%),Worst,0.22599828718578086,0.20311848079715805,0.2543202180411405
LaBSE,welfare,Easy ($d$: top 20%),Mean,0.4055601332483478,0.3974690135268061,0.4139450444463151
text-embedding-3-large,welfare,Hard ($d$: bottom 20%),Worst,0.0037743985880936857,-0.010391467059458284,0.015247471600564366
text-embedding-3-large,gov-ai,Easy ($d$: top 20%),Mean,0.5113831559513049,0.4892704895236922,0.5398733412778356
multilingual-e5-base,welfare,Hard ($d$: bottom 20%),Worst,-0.0063223281334703185,-0.02311365761365041,0.006951058531504583
multilingual-e5-large,welfare,Easy ($d$: top 20%),Best,0.40429390640019847,0.3888220013718446,0.4203842521233823
paraphrase-multilingual-mpnet-base-v2,rai,Hard ($d$: bottom 20%),Mean,0.02579187340875836,0.016411452427961912,0.03961286378512721
multilingual-e5-large,rai,Easy ($d$: top 20%),Worst,0.2752455582956208,0.2675251683370589,0.2839660922393604
Human,rai,Easy ($d$: top 20%),Mean,0.8876297612641149,0.8316185923900388,0.9504645918875589
multilingual-e5-large-instruct,gov-ai,Hard ($d$: bottom 20%),Mean,0.057756027764376085,0.037422117246371386,0.08864466840590804
multilingual-e5-large-instruct,welfare,Hard ($d$: bottom 20%),Worst,-0.01035443049891812,-0.02681586825165742,0.000630593978844528
potion-multilingual-128M,welfare,Hard ($d$: bottom 20%),Worst,-0.010689765770599026,-0.027343868567718654,0.0034314562992046717
bge-m3,welfare,Easy ($d$: top 20%),Mean,0.41044601856623714,0.4047181984496606,0.4165518492304004
multilingual-e5-large-instruct,gov-ai,Easy ($d$: top 20%),Mean,0.5391780659297365,0.5206980002983513,0.5580837217517159
static-similarity-mrl-multilingual-v1,rai,Easy ($d$: top 20%),Worst,0.19661895202129046,0.18747565495842544,0.2045898020682627
nb-sbert-base,rai,Hard ($d$: bottom 20%),Worst,-0.001992080639478495,-0.034528902470078976,0.019285271317450947
mxbai-embed-large-v1,rai,Easy ($d$: top 20%),Mean,0.2159715500881799,0.2025997576620802,0.2282276484441122
dfm-sentence-encoder-large,welfare,Easy ($d$: top 20%),Worst,0.2665886941205435,0.2521904111556405,0.28045043010865
mxbai-embed-large-v1,rai,Hard ($d$: bottom 20%),Mean,0.041749491456486376,0.02996095772020308,0.05643631521737295
static-similarity-mrl-multilingual-v1,gov-ai,Easy ($d$: top 20%),Mean,0.3240922198086134,0.30293031749752714,0.3503460533770419
xlm-roberta-large,welfare,Hard ($d$: bottom 20%),Best,0.021792709235869383,0.01125494806650742,0.03977870382436152
EmbeddingGemma-Scandi-300m,rai,Easy ($d$: top 20%),Best,0.3357604133134457,0.30936281451159275,0.3766879886282872
potion-base-8M,rai,Hard ($d$: bottom 20%),Best,0.03993423344354836,0.019963832183381207,0.06853545060739322
model2vecdk-stem,rai,Easy ($d$: top 20%),Worst,0.259712914938852,0.22228907851256952,0.2790752183950017
m2v-dfm-large,rai,Hard ($d$: bottom 20%),Mean,0.009663711428606187,-0.003945013452211897,0.022864269667374103
potion-base-2M,gov-ai,Easy ($d$: top 20%),Best,0.39191690901499093,0.36318811995731004,0.4129902286953375
dfm-sentence-encoder-large,welfare,Hard ($d$: bottom 20%),Worst,0.014542007446495966,0.004621050943180854,0.02574439380482413
snowflake-arctic-embed-l-v2.0,rai,Hard ($d$: bottom 20%),Best,0.06737838617545268,0.027235339315065398,0.1079166666666667
Human,gov-ai,Hard ($d$: bottom 20%),Worst,1.0,1.0,1.0
multilingual-e5-small,rai,Hard ($d$: bottom 20%),Worst,-0.0036989541691252546,-0.040154680808359274,0.0103485403783299
potion-base-2M,welfare,Hard ($d$: bottom 20%),Best,0.043926947142749855,0.03557559966229892,0.06150720208307281
EmbeddingGemma-Scandi-300m,rai,Easy ($d$: top 20%),Worst,0.2885762902305963,0.2796066381934663,0.29586930845670295
potion-base-2M,rai,Hard ($d$: bottom 20%),Mean,0.014637771219267248,-0.0010701055069802915,0.027465838511103232
M2V_base_glove_subword,rai,Easy ($d$: top 20%),Mean,0.10707743299379952,0.09420930485951708,0.12209075532682236
model2vecdk-stem,rai,Hard ($d$: bottom 20%),Worst,0.015640366493502027,0.0033386621950648792,0.02328062645452481
multilingual-e5-large-instruct,rai,Hard ($d$: bottom 20%),Worst,0.007219074620523616,-0.0007332508837829293,0.01721095744281142
text-embedding-3-small,welfare,Hard ($d$: bottom 20%),Mean,0.034706661773090605,0.02641752383054818,0.0430591517857151
paraphrase-multilingual-MiniLM-L12-v2,gov-ai,Easy ($d$: top 20%),Best,0.4950599146773564,0.4660395422649369,0.5216500809456834
Qwen3-Embedding-0.6B,welfare,Easy ($d$: top 20%),Worst,0.14934489442939503,0.12825956754872775,0.16649638906607303
nb-sbert-base,gov-ai,Easy ($d$: top 20%),Worst,0.47549857102031656,0.4546787697923787,0.4935806637388277
text-embedding-ada-002,welfare,Easy ($d$: top 20%),Mean,0.4103819560150657,0.4008185896398313,0.41916784303435883
M2V_base_output,welfare,Easy ($d$: top 20%),Best,0.25794675443401455,0.24043684451081684,0.27618777863783356
mmBERTscandi-base-embedding,welfare,Hard ($d$: bottom 20%),Best,0.036346442930830586,0.020081506714232495,0.05574638240728437
M2V_base_glove,rai,Easy ($d$: top 20%),Mean,0.041417843362048436,0.028623173909790012,0.05431117119360463
mxbai-embed-large-v1,gov-ai,Hard ($d$: bottom 20%),Mean,0.06190297510818131,0.036013437512869236,0.0891458259483834
M2V_base_glove,welfare,Easy ($d$: top 20%),Worst,-0.03015034607343261,-0.04646169927693404,-0.012318777677169863
paraphrase-multilingual-MiniLM-L12-v2,welfare,Hard ($d$: bottom 20%),Mean,0.016463063544955178,0.00696628451745996,0.025911874263347623
m2v-dfm-large,welfare,Easy ($d$: top 20%),Best,0.3718703793571338,0.360384847128019,0.382078633204482
mxbai-embed-large-v1,welfare,Hard ($d$: bottom 20%),Mean,0.029891406330354656,0.022786882588394265,0.03674371689028805
m2v-dfm-large,welfare,Hard ($d$: bottom 20%),Best,0.053661264121866434,0.03721537387439117,0.06802480649457204
text-embedding-3-small,welfare,Easy ($d$: top 20%),Mean,0.4401248699817693,0.4322636666097121,0.446766485551784
model2vecdk-stem,rai,Hard ($d$: bottom 20%),Mean,0.027396694808543585,0.01511829084568076,0.03823780718836853
m2v-dfm-large,gov-ai,Hard ($d$: bottom 20%),Worst,-0.0017046526334767642,-0.031288985640554635,0.021650369633062664
multilingual-e5-base,rai,Hard ($d$: bottom 20%),Mean,0.00788413400560284,-0.003262208433390928,0.020012277021636028
nb-sbert-base,gov-ai,Easy ($d$: top 20%),Mean,0.47549857102031656,0.4546787697923787,0.4935806637388277
text-embedding-3-small,rai,Hard ($d$: bottom 20%),Best,0.03682060763854475,0.020243954214189768,0.07031052016982114
mmBERTscandi-base-embedding,gov-ai,Hard ($d$: bottom 20%),Worst,0.0684891295915448,0.04105397210430565,0.10004086204822789
potion-base-8M,rai,Easy ($d$: top 20%),Worst,0.09029962840802218,0.06077191516655274,0.10863116584541313
potion-base-4M,gov-ai,Easy ($d$: top 20%),Best,0.4069967179046733,0.38596965235721226,0.43206850148967685
EmbeddingGemma-Scandi-300m,welfare,Easy ($d$: top 20%),Best,0.48361746494201663,0.4710899314203291,0.49921703283957974
model2vecdk-stem,gov-ai,Hard ($d$: bottom 20%),Worst,0.006392159739859766,-0.015592213178174599,0.03349378324678749
snowflake-arctic-embed-l-v2.0,rai,Easy ($d$: top 20%),Best,0.36489211077731765,0.3335114649752703,0.4076316376583947
mmBERTscandi-base-embedding,gov-ai,Easy ($d$: top 20%),Best,0.5915956597535214,0.574534499154716,0.6120819707502383
multilingual-e5-large,gov-ai,Easy ($d$: top 20%),Worst,0.36571427340440255,0.3436017796785542,0.39081581070698374
model2vecdk,welfare,Easy ($d$: top 20%),Worst,0.33709990085987285,0.3230473298547457,0.3493725750416493
paraphrase-multilingual-MiniLM-L12-v2,rai,Hard ($d$: bottom 20%),Mean,0.01426154313986162,-0.0034301834054722433,0.03464590853699599
multilingual-e5-base,welfare,Easy ($d$: top 20%),Best,0.3685515009462719,0.3544651443005904,0.3890676568375059
M2V_base_glove,rai,Hard ($d$: bottom 20%),Best,-0.026788010535085616,-0.056255670013917736,0.0012494611180005172
multilingual-e5-large-instruct,welfare,Hard ($d$: bottom 20%),Best,0.03423001525253337,0.01845217219243987,0.05062408257511675
bge-m3,gov-ai,Easy ($d$: top 20%),Worst,0.44784898682600444,0.4201249118528531,0.46910429809914445
potion-base-4M,welfare,Hard ($d$: bottom 20%),Best,0.04244972595445869,0.026751232794223236,0.06175262891568611
M2V_base_glove,gov-ai,Hard ($d$: bottom 20%),Best,0.07020610011602223,0.04856443707624046,0.09332982402309103
M2V_base_glove,welfare,Hard ($d$: bottom 20%),Worst,-0.121170361142715,-0.1373208417850055,-0.10735447933105624
xlm-roberta-base,rai,Easy ($d$: top 20%),Best,0.20074528330976385,0.16401128669672674,0.24304732685488523
multilingual-e5-large-instruct,rai,Easy ($d$: top 20%),Best,0.427716487002024,0.3920544876057578,0.470390558769725
Qwen3-Embedding-0.6B,gov-ai,Easy ($d$: top 20%),Worst,0.4319330878024559,0.40515809969553496,0.46140448504855086
multilingual-e5-large-instruct,gov-ai,Hard ($d$: bottom 20%),Best,0.057756027764376085,0.037422117246371386,0.08864466840590804
multilingual-e5-large-instruct,rai,Easy ($d$: top 20%),Mean,0.38638500421290645,0.3745477682876138,0.40179895226690515
mmBERTscandi-base-embedding,rai,Easy ($d$: top 20%),Mean,0.30502339592436034,0.2918450944352708,0.3168947558071946
paraphrase-multilingual-MiniLM-L12-v2,rai,Easy ($d$: top 20%),Mean,0.3262563408764202,0.31442670361332165,0.3409530189082731
nb-sbert-base,welfare,Hard ($d$: bottom 20%),Mean,0.011438494017427074,0.003699195744473398,0.017461975634563094
Qwen3-Embedding-0.6B,rai,Hard ($d$: bottom 20%),Worst,-0.04658722107483425,-0.09301384311140412,-0.017192279616185146
text-embedding-3-small,welfare,Hard ($d$: bottom 20%),Worst,-0.004781989006592508,-0.025087605005268934,0.02036741056746517
multilingual-e5-large,gov-ai,Hard ($d$: bottom 20%),Worst,0.02572548834219503,-0.0014929249308554128,0.05212491653366587
static-similarity-mrl-multilingual-v1,gov-ai,Hard ($d$: bottom 20%),Worst,-0.004700376010332006,-0.0254959937090605,0.02087064145308053
text-embedding-3-small,rai,Easy ($d$: top 20%),Worst,0.28566697296023824,0.2797822688239618,0.29626110236706904
bge-m3,rai,Easy ($d$: top 20%),Worst,0.2820138228289599,0.2729810556301714,0.29060603517449785
bge-m3,gov-ai,Hard ($d$: bottom 20%),Best,0.017543547517803456,-0.007286220738993948,0.04260432939883118
mmBERTscandi-base-embedding,rai,Hard ($d$: bottom 20%),Worst,-0.002710640829511557,-0.03875365826676097,0.020025268305766508
potion-base-4M,rai,Hard ($d$: bottom 20%),Best,0.07446922683273581,0.03756431472076351,0.12221420951515626
Qwen3-Embedding-0.6B,gov-ai,Hard ($d$: bottom 20%),Mean,0.03378829592757431,0.0018841374916308221,0.06321507188178827
potion-base-8M,gov-ai,Easy ($d$: top 20%),Best,0.3806857700218528,0.3641012515375165,0.40669794194840686
M2V_base_glove,welfare,Easy ($d$: top 20%),Best,0.050757489902756074,0.03279681275843373,0.06913176318469813
Human,welfare,Easy ($d$: top 20%),Worst,0.7602868307071059,0.6472304271810655,0.9126219645091949
static-similarity-mrl-multilingual-v1,welfare,Hard ($d$: bottom 20%),Worst,0.005686679055257476,-0.006999303053231551,0.018790571546676262
static-similarity-mrl-multilingual-v1,gov-ai,Hard ($d$: bottom 20%),Best,-0.004700376010332006,-0.0254959937090605,0.02087064145308053
xlm-roberta-base,welfare,Easy ($d$: top 20%),Best,0.12393082068724948,0.10586695947637945,0.13895761120240832
M2V_base_glove_subword,gov-ai,Hard ($d$: bottom 20%),Best,0.04284211407926996,0.021676626879898138,0.06572069906725375
mxbai-embed-large-v1,gov-ai,Easy ($d$: top 20%),Mean,0.5584786177226532,0.5361326954890743,0.5833829819266522
model2vecdk-stem,gov-ai,Easy ($d$: top 20%),Best,0.22599828718578086,0.20311848079715805,0.2543202180411405
m2v-dfm-large,gov-ai,Easy ($d$: top 20%),Best,0.25352454706036326,0.22696620616365568,0.2787083845083108
multilingual-e5-large,rai,Easy ($d$: top 20%),Best,0.3172649334001759,0.29142843866101775,0.35650665926748054
text-embedding-3-large,rai,Hard ($d$: bottom 20%),Best,0.06145020008708593,0.03222781981207161,0.1059551428185466
M2V_base_glove_subword,rai,Hard ($d$: bottom 20%),Best,0.03824513505065534,0.017201464249355508,0.06829117964737855
mxbai-embed-large-v1,gov-ai,Hard ($d$: bottom 20%),Best,0.06190297510818131,0.036013437512869236,0.0891458259483834
mmBERTscandi-base-embedding,welfare,Easy ($d$: top 20%),Best,0.375201630134412,0.36254045329757933,0.38606763323913024
bge-m3,gov-ai,Hard ($d$: bottom 20%),Mean,0.017543547517803456,-0.007286220738993948,0.04260432939883118
static-similarity-mrl-multilingual-v1,welfare,Easy ($d$: top 20%),Mean,0.2824683289631357,0.2748268489657139,0.2916108310555252
xlm-roberta-base,rai,Hard ($d$: bottom 20%),Worst,0.013611458180321577,0.0050564421536969445,0.020287381200886884
static-similarity-mrl-multilingual-v1,welfare,Easy ($d$: top 20%),Worst,0.2534330968070744,0.24162219770563412,0.26624063551639243
mmBERTscandi-base-embedding,gov-ai,Hard ($d$: bottom 20%),Best,0.0684891295915448,0.04105397210430565,0.10004086204822789
m2v-dfm-large,rai,Easy ($d$: top 20%),Mean,0.2911863504816592,0.27725815909970186,0.30652334725941915
potion-multilingual-128M,gov-ai,Easy ($d$: top 20%),Worst,0.35632681303624286,0.33271536069448776,0.3814170816109173
EmbeddingGemma-Scandi-300m,gov-ai,Easy ($d$: top 20%),Best,0.5393225991310039,0.5150732360529976,0.559271404517427
bge-m3,rai,Hard ($d$: bottom 20%),Mean,0.022222917866061707,0.008809893352850512,0.03274532971977907
potion-base-8M,rai,Hard ($d$: bottom 20%),Mean,0.02553827454070551,0.010941800319537592,0.03648722331162027
model2vecdk-stem,gov-ai,Hard ($d$: bottom 20%),Mean,0.006392159739859766,-0.015592213178174599,0.03349378324678749
M2V_base_glove,gov-ai,Easy ($d$: top 20%),Mean,0.356506180413833,0.33502438021719516,0.3804693320710844
LaBSE,welfare,Hard ($d$: bottom 20%),Mean,0.011205638028780282,0.004468889932596249,0.01762837930011619
M2V_base_glove_subword,welfare,Easy ($d$: top 20%),Mean,0.20280126825405687,0.19249035090242048,0.21144410519777843
paraphrase-multilingual-mpnet-base-v2,gov-ai,Easy ($d$: top 20%),Best,0.5204236459591135,0.4937140030817495,0.5441685749299884
potion-base-2M,welfare,Easy ($d$: top 20%),Worst,0.11121134737993721,0.09954906142085539,0.1264579807953375
Qwen3-Embedding-Scandi-0.6B,welfare,Easy ($d$: top 20%),Best,0.31557456543749074,0.2944800200592739,0.3346301486298864
paraphrase-multilingual-mpnet-base-v2,welfare,Easy ($d$: top 20%),Best,0.5253796749929,0.5107537520932972,0.5422933676803389
potion-multilingual-128M,rai,Hard ($d$: bottom 20%),Mean,0.01977325750298796,0.0020964719377519,0.036192711485701544
multilingual-e5-large,rai,Hard ($d$: bottom 20%),Mean,0.014502832541496573,0.0008063951239392761,0.029015286548782496
paraphrase-multilingual-MiniLM-L12-v2,welfare,Easy ($d$: top 20%),Worst,0.4381260992572351,0.42329240761395615,0.4535983661010863
EmbeddingGemma-Scandi-300m,gov-ai,Easy ($d$: top 20%),Worst,0.5393225991310039,0.5150732360529976,0.559271404517427
Qwen3-Embedding-0.6B,gov-ai,Easy ($d$: top 20%),Mean,0.4319330878024559,0.40515809969553496,0.46140448504855086
model2vecdk-stem,gov-ai,Easy ($d$: top 20%),Mean,0.22599828718578086,0.20311848079715805,0.2543202180411405
potion-base-2M,rai,Hard ($d$: bottom 20%),Worst,-0.0014300656089073981,-0.020476072665582826,0.007387839531171936
m2v-dfm-large,gov-ai,Easy ($d$: top 20%),Worst,0.25352454706036326,0.22696620616365568,0.2787083845083108
mmBERTscandi-base-embedding,welfare,Hard ($d$: bottom 20%),Worst,-0.000835267639182753,-0.014866672819762356,0.008701283286258554
M2V_base_glove_subword,welfare,Hard ($d$: bottom 20%),Mean,0.028966108792138474,0.020753256299780715,0.03497002319896523
mmBERTscandi-base-embedding,rai,Easy ($d$: top 20%),Best,0.3462343699739108,0.30591280026555207,0.3770575156086018
paraphrase-multilingual-mpnet-base-v2,gov-ai,Hard ($d$: bottom 20%),Best,0.02596756544186989,0.005873730329903282,0.05112581583309843
EmbeddingGemma-Scandi-300m,welfare,Hard ($d$: bottom 20%),Mean,0.01710659699741693,0.008052555787145619,0.025174941921388475
nb-sbert-base,rai,Easy ($d$: top 20%),Best,0.3463083483477732,0.3287667628010575,0.37924957764197004
paraphrase-multilingual-MiniLM-L12-v2,rai,Hard ($d$: bottom 20%),Worst,-0.0006413076445217691,-0.02115768326056915,0.00896391676440082
Qwen3-Embedding-Scandi-0.6B,rai,Easy ($d$: top 20%),Best,0.3430155470312888,0.298804046849202,0.38696317846250866
paraphrase-multilingual-mpnet-base-v2,welfare,Hard ($d$: bottom 20%),Mean,0.025098329976351128,0.016281304947615684,0.03283584145374856
LaBSE,rai,Hard ($d$: bottom 20%),Worst,0.006834492963160688,-0.00013624902924886642,0.012790163846459927
potion-base-2M,welfare,Easy ($d$: top 20%),Mean,0.1513064609407348,0.14503397787183067,0.1595036753259358
text-embedding-ada-002,welfare,Hard ($d$: bottom 20%),Best,0.03703499957012376,0.02420766054263262,0.050381289500389545
text-embedding-3-large,welfare,Hard ($d$: bottom 20%),Best,0.043861461704443216,0.03202951361643047,0.058870463058422945
potion-multilingual-128M,gov-ai,Easy ($d$: top 20%),Mean,0.35632681303624286,0.33271536069448776,0.3814170816109173
snowflake-arctic-embed-l-v2.0,welfare,Hard ($d$: bottom 20%),Mean,0.0004637336722192864,-0.007127770337959192,0.008618261394301696
model2vecdk,welfare,Hard ($d$: bottom 20%),Worst,0.013313089004479204,-0.004484983672023942,0.031257328925926045
Qwen3-Embedding-Scandi-0.6B,rai,Hard ($d$: bottom 20%),Worst,0.008549821339108022,-0.004033323819806925,0.018842112823963898
paraphrase-multilingual-mpnet-base-v2,rai,Easy ($d$: top 20%),Mean,0.3728375082893551,0.35752160985789755,0.38664720902975624
text-embedding-ada-002,gov-ai,Easy ($d$: top 20%),Best,0.5003491308592273,0.478265056429628,0.5224831108733178
EmbeddingGemma-Scandi-300m,welfare,Hard ($d$: bottom 20%),Best,0.03546918141149255,0.02358910628491754,0.050971094848940975
mxbai-embed-large-v1,welfare,Hard ($d$: bottom 20%),Best,0.04999903807247612,0.0376787089828854,0.06598038041946022
text-embedding-3-large,rai,Easy ($d$: top 20%),Worst,0.3507771379416394,0.34126816684486583,0.358143015699621
text-embedding-ada-002,rai,Easy ($d$: top 20%),Best,0.36743430122911586,0.3221974046972734,0.41216700815701557
Qwen3-Embedding-Scandi-0.6B,rai,Hard ($d$: bottom 20%),Mean,0.03946293365992175,0.02774823919472297,0.051417359449106984
Qwen3-Embedding-Scandi-0.6B,gov-ai,Hard ($d$: bottom 20%),Best,0.04747467855679318,0.02054716304793115,0.07988065992406727
multilingual-e5-base,gov-ai,Hard ($d$: bottom 20%),Best,0.04106973820837094,0.009587059818771766,0.07031229739139427
multilingual-e5-small,gov-ai,Easy ($d$: top 20%),Mean,0.4166302400164899,0.39374266400135594,0.44290491991195713
EmbeddingGemma-Scandi-300m,gov-ai,Hard ($d$: bottom 20%),Best,0.015849248939927146,-0.011496857822656819,0.03620157809601211
multilingual-e5-base,welfare,Easy ($d$: top 20%),Worst,0.3141907501590693,0.2983421896554019,0.32357734786908243
text-embedding-3-large,welfare,Hard ($d$: bottom 20%),Mean,0.02405674625429518,0.017384973610399465,0.03007067471441421
potion-multilingual-128M,rai,Easy ($d$: top 20%),Worst,0.2342667496899024,0.19137441328860857,0.24861686592260202
snowflake-arctic-embed-l-v2.0,gov-ai,Easy ($d$: top 20%),Mean,0.44878056595464805,0.4258887659335551,0.47943468855715604
model2vecdk-stem,gov-ai,Hard ($d$: bottom 20%),Best,0.006392159739859766,-0.015592213178174599,0.03349378324678749
xlm-roberta-large,welfare,Easy ($d$: top 20%),Worst,0.07754051718877873,0.05571364517914238,0.09737772880568007
potion-base-4M,rai,Easy ($d$: top 20%),Worst,0.11194982319861069,0.06807431625910369,0.12775177731159995
multilingual-e5-small,welfare,Hard ($d$: bottom 20%),Best,0.011992218388285014,-0.004157483643845527,0.025850295576000853
Human,welfare,Hard ($d$: bottom 20%),Worst,0.6343970436285601,0.6026502562402025,0.6819973551893979
potion-base-2M,welfare,Easy ($d$: top 20%),Best,0.20275860061344658,0.18675257880905083,0.21712973574511338
multilingual-e5-small,rai,Easy ($d$: top 20%),Best,0.33727337951556025,0.3043270037203501,0.38487497590635894
model2vecdk-stem,welfare,Easy ($d$: top 20%),Best,0.34806522994578937,0.3329193872657758,0.36419385099737245
dfm-sentence-encoder-large,welfare,Easy ($d$: top 20%),Mean,0.315306222997002,0.3067321925988949,0.322532343502226
potion-base-8M,welfare,Easy ($d$: top 20%),Worst,0.16569668601625495,0.15223607732641306,0.17900011791165354
text-embedding-3-large,rai,Hard ($d$: bottom 20%),Worst,0.021647618812181402,0.011146994390451376,0.02998591046877182
paraphrase-multilingual-mpnet-base-v2,rai,Hard ($d$: bottom 20%),Worst,0.01362207063585185,0.005528858065306341,0.023609627763719717
paraphrase-multilingual-mpnet-base-v2,gov-ai,Easy ($d$: top 20%),Mean,0.5204236459591135,0.4937140030817495,0.5441685749299884
paraphrase-multilingual-MiniLM-L12-v2,rai,Hard ($d$: bottom 20%),Best,0.03188618402387843,0.012418178637944888,0.08400256230660795
multilingual-e5-small,rai,Hard ($d$: bottom 20%),Mean,0.009953973992320553,-0.005227705096610182,0.02247832036042825
xlm-roberta-large,welfare,Hard ($d$: bottom 20%),Worst,-0.01731858524163211,-0.037198447540931295,-0.005238098774758365
mxbai-embed-large-v1,welfare,Hard ($d$: bottom 20%),Worst,0.005315032878451265,-0.008083409067959221,0.0199608530118136
xlm-roberta-base,welfare,Hard ($d$: bottom 20%),Best,0.029609276016563553,0.01858036171799542,0.04669004905355161
m2v-dfm-large,welfare,Hard ($d$: bottom 20%),Worst,0.013783615546373982,0.0004215277426755538,0.022199857532741674
LaBSE,gov-ai,Easy ($d$: top 20%),Worst,0.38208809630465546,0.358330010151914,0.40831635269818817
paraphrase-multilingual-MiniLM-L12-v2,gov-ai,Hard ($d$: bottom 20%),Best,0.04093264585799595,0.017298845869953488,0.06691419540831232
potion-base-4M,rai,Easy ($d$: top 20%),Best,0.15011656536283516,0.1389799633792228,0.1639592143561425
text-embedding-ada-002,gov-ai,Hard ($d$: bottom 20%),Worst,0.02169788275212602,-0.006183083318272225,0.04147730071857002
text-embedding-ada-002,rai,Easy ($d$: top 20%),Mean,0.3303641514078132,0.3163413317157799,0.3462265812968228
xlm-roberta-large,rai,Hard ($d$: bottom 20%),Mean,0.02960308437479369,0.01719088330009505,0.04440945941999012
nb-sbert-base,welfare,Easy ($d$: top 20%),Worst,0.4125060544259307,0.4006966880003497,0.4228599122804949
M2V_base_output,gov-ai,Easy ($d$: top 20%),Worst,0.3475530071034148,0.3231049229648367,0.3690998124940997
m2v-dfm-large,welfare,Easy ($d$: top 20%),Worst,0.27945249326937893,0.26438059925135377,0.2948928450247957
M2V_base_output,gov-ai,Easy ($d$: top 20%),Mean,0.3475530071034148,0.3231049229648367,0.3690998124940997
multilingual-e5-base,rai,Easy ($d$: top 20%),Mean,0.2836496328767215,0.26873696329864677,0.2957875943828169
dfm-sentence-encoder-large,gov-ai,Easy ($d$: top 20%),Best,0.3674972138156072,0.3393445992668302,0.397961404285176
model2vecdk-stem,welfare,Hard ($d$: bottom 20%),Worst,0.00822048130544681,-0.006658034026870091,0.022690739662201448
text-embedding-3-large,rai,Easy ($d$: top 20%),Mean,0.37617998862636876,0.363493586492084,0.3898469492693264
text-embedding-ada-002,gov-ai,Easy ($d$: top 20%),Worst,0.5003491308592273,0.478265056429628,0.5224831108733178
paraphrase-multilingual-MiniLM-L12-v2,welfare,Easy ($d$: top 20%),Best,0.5093408605417289,0.49034307412438055,0.5264349831048944
bge-m3,rai,Easy ($d$: top 20%),Mean,0.30472023375197677,0.29182570250072487,0.3143283216208969
potion-base-8M,gov-ai,Hard ($d$: bottom 20%),Worst,0.05497861353998445,0.026602918888538336,0.08431965497392603
Qwen3-Embedding-0.6B,welfare,Hard ($d$: bottom 20%),Best,0.0014804674515869266,-0.016229198922663963,0.016319766778548944
EmbeddingGemma-Scandi-300m,gov-ai,Easy ($d$: top 20%),Mean,0.5393225991310039,0.5150732360529976,0.559271404517427
text-embedding-ada-002,welfare,Hard ($d$: bottom 20%),Worst,0.008471299391753945,-0.003111727388595159,0.018448333511081712
m2v-dfm-large,welfare,Easy ($d$: top 20%),Mean,0.33532696792679917,0.3269883535744212,0.3421477746960574
paraphrase-multilingual-mpnet-base-v2,gov-ai,Easy ($d$: top 20%),Worst,0.5204236459591135,0.4937140030817495,0.5441685749299884
text-embedding-3-large,rai,Easy ($d$: top 20%),Best,0.41712913160475723,0.37654288687611415,0.4501899428019763
paraphrase-multilingual-MiniLM-L12-v2,welfare,Hard ($d$: bottom 20%),Best,0.040055775073451476,0.02897047589597974,0.05346946569924037
multilingual-e5-large-instruct,rai,Easy ($d$: top 20%),Worst,0.3494751017330785,0.3404091729895218,0.35739609055277677
nb-sbert-base,welfare,Easy ($d$: top 20%),Best,0.4592916719017452,0.44406459613183347,0.4716023349487657
mxbai-embed-large-v1,gov-ai,Easy ($d$: top 20%),Worst,0.5584786177226532,0.5361326954890743,0.5833829819266522
snowflake-arctic-embed-l-v2.0,rai,Easy ($d$: top 20%),Mean,0.3318359484559417,0.31665074080897776,0.34652064475072103
paraphrase-multilingual-MiniLM-L12-v2,gov-ai,Hard ($d$: bottom 20%),Mean,0.04093264585799595,0.017298845869953488,0.06691419540831232
EmbeddingGemma-Scandi-300m,gov-ai,Hard ($d$: bottom 20%),Mean,0.015849248939927146,-0.011496857822656819,0.03620157809601211
text-embedding-3-large,gov-ai,Hard ($d$: bottom 20%),Worst,0.03870811488066364,0.015273953270866425,0.06433152640618293
multilingual-e5-small,welfare,Hard ($d$: bottom 20%),Mean,-0.006172736871908257,-0.01626646689046543,0.0011919507023758099
text-embedding-ada-002,rai,Hard ($d$: bottom 20%),Worst,0.0029166539091683118,-0.019114170065504855,0.012792105926680064
snowflake-arctic-embed-l-v2.0,gov-ai,Easy ($d$: top 20%),Worst,0.44878056595464805,0.4258887659335551,0.47943468855715604
potion-multilingual-128M,welfare,Easy ($d$: top 20%),Mean,0.37900910838857205,0.3693368897059659,0.38600441440852945
Human,welfare,Hard ($d$: bottom 20%),Best,0.8877468252681437,0.8567341677773713,0.9172751894976212
xlm-roberta-large,gov-ai,Easy ($d$: top 20%),Best,0.31331316520248387,0.2882730030311398,0.33854626340853494
EmbeddingGemma-Scandi-300m,welfare,Hard ($d$: bottom 20%),Worst,-0.0007977827149183314,-0.018549016281524187,0.011648876995360373
dfm-sentence-encoder-large,gov-ai,Hard ($d$: bottom 20%),Best,0.05409794405935741,0.025027409891298445,0.07988735399200508
model2vecdk-stem,welfare,Hard ($d$: bottom 20%),Mean,0.026087915361623852,0.017993403694698238,0.033346973161636366
potion-base-8M,rai,Easy ($d$: top 20%),Mean,0.10952897723641473,0.0981204920882152,0.12168832080361505
potion-base-8M,welfare,Hard ($d$: bottom 20%),Worst,0.017636348493042547,0.004621991616828425,0.031803982795600705
LaBSE,welfare,Easy ($d$: top 20%),Worst,0.3477536156899832,0.33247826876299996,0.3696994172284861
potion-multilingual-128M,welfare,Easy ($d$: top 20%),Worst,0.31689512198722153,0.3007681906649627,0.3362891358726709
multilingual-e5-large,welfare,Hard ($d$: bottom 20%),Worst,0.00397546629957966,-0.011470556062902062,0.018747886710792142
xlm-roberta-large,welfare,Hard ($d$: bottom 20%),Mean,0.0033821959894343857,-0.006635384005424717,0.010292793987960411
mmBERTscandi-base-embedding,rai,Hard ($d$: bottom 20%),Best,0.025468255715586516,0.017820510367433533,0.037450104790809624
xlm-roberta-base,rai,Hard ($d$: bottom 20%),Best,0.08191955212554147,0.043898274292761004,0.12608593260037626
multilingual-e5-large-instruct,welfare,Hard ($d$: bottom 20%),Mean,0.01103262428878856,0.0030341656090403218,0.016888416963616072
M2V_base_glove,welfare,Hard ($d$: bottom 20%),Mean,-0.08719431681396406,-0.09665413983904456,-0.08032319549404572
xlm-roberta-large,rai,Hard ($d$: bottom 20%),Worst,0.012341683622664315,0.003057395322294143,0.021877397865550006
multilingual-e5-small,gov-ai,Easy ($d$: top 20%),Worst,0.4166302400164899,0.39374266400135594,0.44290491991195713
multilingual-e5-large,gov-ai,Hard ($d$: bottom 20%),Best,0.02572548834219503,-0.0014929249308554128,0.05212491653366587
LaBSE,rai,Easy ($d$: top 20%),Worst,0.266288999101559,0.2425983311724231,0.27578107641581256
multilingual-e5-large,gov-ai,Easy ($d$: top 20%),Mean,0.36571427340440255,0.3436017796785542,0.39081581070698374
xlm-roberta-base,welfare,Hard ($d$: bottom 20%),Mean,0.014648756663335044,0.007267571546833237,0.022161557015274107
dfm-sentence-encoder-large,rai,Easy ($d$: top 20%),Worst,0.2501163667490969,0.2178268177290837,0.26392545979858817
mmBERTscandi-base-embedding,welfare,Easy ($d$: top 20%),Worst,0.30088605126070705,0.28303992283978713,0.3145190678339872
multilingual-e5-large-instruct,gov-ai,Easy ($d$: top 20%),Best,0.5391780659297365,0.5206980002983513,0.5580837217517159
M2V_base_glove_subword,welfare,Easy ($d$: top 20%),Worst,0.15004710437420613,0.13171122075173028,0.1619970605686744
model2vecdk-stem,rai,Easy ($d$: top 20%),Best,0.2854566641773952,0.2769735127105397,0.30747515852342916
Human,welfare,Easy ($d$: top 20%),Mean,0.8831980767087267,0.82734192466217,0.9383555322065009
M2V_base_output,welfare,Hard ($d$: bottom 20%),Best,0.049700984834133856,0.03733489666889267,0.06958353756415381
potion-base-4M,welfare,Easy ($d$: top 20%),Best,0.27255044373021936,0.2601800013107702,0.291109691071172
M2V_base_glove,gov-ai,Hard ($d$: bottom 20%),Worst,0.07020610011602223,0.04856443707624046,0.09332982402309103
potion-base-2M,welfare,Hard ($d$: bottom 20%),Mean,0.02714139313949798,0.01877897578523349,0.03304608800418161
paraphrase-multilingual-MiniLM-L12-v2,rai,Easy ($d$: top 20%),Best,0.3733439346061926,0.3338649789029536,0.41713480612232234
multilingual-e5-large-instruct,gov-ai,Easy ($d$: top 20%),Worst,0.5391780659297365,0.5206980002983513,0.5580837217517159
paraphrase-multilingual-MiniLM-L12-v2,gov-ai,Easy ($d$: top 20%),Mean,0.4950599146773564,0.4660395422649369,0.5216500809456834
multilingual-e5-large,rai,Hard ($d$: bottom 20%),Best,0.033153676685230345,0.01814511946003326,0.06212289721759377
paraphrase-multilingual-mpnet-base-v2,gov-ai,Hard ($d$: bottom 20%),Worst,0.02596756544186989,0.005873730329903282,0.05112581583309843
EmbeddingGemma-Scandi-300m,welfare,Easy ($d$: top 20%),Worst,0.4208388874144369,0.40291361791587005,0.43474445443912013
nb-sbert-base,gov-ai,Hard ($d$: bottom 20%),Mean,0.01459679877461908,-0.010219061810002409,0.03801738598089991
mxbai-embed-large-v1,rai,Hard ($d$: bottom 20%),Worst,0.014509580421129575,0.0056708495498151495,0.022182235587915704
potion-base-4M,gov-ai,Hard ($d$: bottom 20%),Best,0.08574521867885722,0.06518033188236802,0.10868580010233439
model2vecdk-stem,welfare,Easy ($d$: top 20%),Worst,0.2513734749192899,0.23857394122863648,0.26755037137833987
paraphrase-multilingual-mpnet-base-v2,welfare,Hard ($d$: bottom 20%),Worst,0.004463223006847998,-0.00813372389771097,0.016725845177639653
Qwen3-Embedding-0.6B,welfare,Hard ($d$: bottom 20%),Mean,-0.02062057793923334,-0.02923843177876735,-0.011923259957599679
m2v-dfm-large,gov-ai,Easy ($d$: top 20%),Mean,0.25352454706036326,0.22696620616365568,0.2787083845083108
Qwen3-Embedding-0.6B,welfare,Easy ($d$: top 20%),Best,0.3044778058341058,0.28781414489114,0.317497991381993
xlm-roberta-large,welfare,Easy ($d$: top 20%),Mean,0.1387928533326478,0.13218256294379369,0.14698113496516366
paraphrase-multilingual-mpnet-base-v2,welfare,Easy ($d$: top 20%),Mean,0.4933867267701711,0.4857984681212395,0.49896973029013136
multilingual-e5-large-instruct,welfare,Easy ($d$: top 20%),Mean,0.4493835348320287,0.44266182136152554,0.45593484831002845
potion-base-8M,welfare,Hard ($d$: bottom 20%),Mean,0.03872514235059836,0.03114047638251881,0.048423009446819314
M2V_base_glove,rai,Hard ($d$: bottom 20%),Worst,-0.0784688593671464,-0.09108766602437114,-0.07143896572973227
Qwen3-Embedding-0.6B,gov-ai,Hard ($d$: bottom 20%),Worst,0.03378829592757431,0.0018841374916308221,0.06321507188178827
potion-base-2M,rai,Easy ($d$: top 20%),Mean,0.11369169095756627,0.10270921689636912,0.12594708676273447
potion-base-2M,gov-ai,Hard ($d$: bottom 20%),Mean,0.05078170013450221,0.02284172711079091,0.07480537885268931
multilingual-e5-large-instruct,rai,Hard ($d$: bottom 20%),Mean,0.03125664233621267,0.015491336296226123,0.046676308017470844
Qwen3-Embedding-0.6B,gov-ai,Easy ($d$: top 20%),Best,0.4319330878024559,0.40515809969553496,0.46140448504855086
Qwen3-Embedding-0.6B,rai,Easy ($d$: top 20%),Best,0.20747349933116194,0.16540136371374548,0.26304091273894636
bge-m3,welfare,Hard ($d$: bottom 20%),Mean,0.017206424036535984,0.008933252349355112,0.025984322266687246
potion-base-4M,gov-ai,Easy ($d$: top 20%),Mean,0.4069967179046733,0.38596965235721226,0.43206850148967685
snowflake-arctic-embed-l-v2.0,gov-ai,Hard ($d$: bottom 20%),Best,0.033679893632652,0.012350575006171965,0.054669530890578785
xlm-roberta-large,gov-ai,Easy ($d$: top 20%),Mean,0.31331316520248387,0.2882730030311398,0.33854626340853494
potion-multilingual-128M,gov-ai,Easy ($d$: top 20%),Best,0.35632681303624286,0.33271536069448776,0.3814170816109173
paraphrase-multilingual-mpnet-base-v2,welfare,Hard ($d$: bottom 20%),Best,0.0505235064734302,0.03466539843601016,0.07203589409545519
mxbai-embed-large-v1,rai,Hard ($d$: bottom 20%),Best,0.09029160552234741,0.05058456837684309,0.13043824982398092
multilingual-e5-large,welfare,Easy ($d$: top 20%),Mean,0.3795763791456958,0.3708261498249625,0.38667216321336634
xlm-roberta-large,gov-ai,Hard ($d$: bottom 20%),Best,0.05748277462704731,0.038688879587313554,0.08063596001322423
EmbeddingGemma-Scandi-300m,rai,Easy ($d$: top 20%),Mean,0.31122541382099866,0.2986598849089264,0.3235173856657743
multilingual-e5-base,gov-ai,Hard ($d$: bottom 20%),Worst,0.04106973820837094,0.009587059818771766,0.07031229739139427
multilingual-e5-base,welfare,Easy ($d$: top 20%),Mean,0.33431755190508516,0.3263162530147628,0.34102086318934494
text-embedding-3-small,gov-ai,Hard ($d$: bottom 20%),Mean,0.079586622747617,0.04689789990758012,0.10681169189073732
xlm-roberta-large,rai,Hard ($d$: bottom 20%),Best,0.05770786357380139,0.02171270033307156,0.09495614482406928
snowflake-arctic-embed-l-v2.0,rai,Hard ($d$: bottom 20%),Worst,0.008846307514725586,-0.0006253862989044122,0.016258159487197
Qwen3-Embedding-Scandi-0.6B,gov-ai,Hard ($d$: bottom 20%),Worst,0.04747467855679318,0.02054716304793115,0.07988065992406727
text-embedding-3-small,gov-ai,Hard ($d$: bottom 20%),Best,0.079586622747617,0.04689789990758012,0.10681169189073732
M2V_base_glove,gov-ai,Hard ($d$: bottom 20%),Mean,0.07020610011602223,0.04856443707624046,0.09332982402309103
Human,rai,Easy ($d$: top 20%),Best,0.9423374326749141,0.8673419176456292,0.9814946725733716
bge-m3,gov-ai,Hard ($d$: bottom 20%),Worst,0.017543547517803456,-0.007286220738993948,0.04260432939883118
text-embedding-3-small,gov-ai,Hard ($d$: bottom 20%),Worst,0.079586622747617,0.04689789990758012,0.10681169189073732
text-embedding-ada-002,rai,Hard ($d$: bottom 20%),Mean,0.015256648507772985,-0.002334213840368835,0.030538116560576818
text-embedding-ada-002,welfare,Easy ($d$: top 20%),Best,0.4603287763738081,0.4438213230109076,0.47688319976717075
snowflake-arctic-embed-l-v2.0,welfare,Easy ($d$: top 20%),Worst,0.3815482946219422,0.361319207658864,0.3980292716612143
M2V_base_glove_subword,gov-ai,Easy ($d$: top 20%),Best,0.3869087736862075,0.3613371559646083,0.4193658313114634
dfm-sentence-encoder-large,gov-ai,Easy ($d$: top 20%),Mean,0.3674972138156072,0.3393445992668302,0.397961404285176
xlm-roberta-base,gov-ai,Hard ($d$: bottom 20%),Worst,0.026323870571895457,0.004361541985732093,0.04991691218536865
M2V_base_glove_subword,gov-ai,Easy ($d$: top 20%),Mean,0.3869087736862075,0.3613371559646083,0.4193658313114634
potion-base-4M,gov-ai,Hard ($d$: bottom 20%),Worst,0.08574521867885722,0.06518033188236802,0.10868580010233439
EmbeddingGemma-Scandi-300m,welfare,Easy ($d$: top 20%),Mean,0.4533780740076637,0.4449704001667956,0.46206644556207893
model2vecdk,rai,Hard ($d$: bottom 20%),Best,0.03292095629414803,0.02133212247471348,0.06300342747827936
potion-base-2M,gov-ai,Easy ($d$: top 20%),Worst,0.39191690901499093,0.36318811995731004,0.4129902286953375
Human,rai,Easy ($d$: top 20%),Worst,0.8175691530340824,0.7498289895820146,0.9401135506566745
potion-base-4M,gov-ai,Easy ($d$: top 20%),Worst,0.4069967179046733,0.38596965235721226,0.43206850148967685
M2V_base_output,welfare,Hard ($d$: bottom 20%),Mean,0.031204635552203985,0.023515611782436174,0.037532827115570884
nb-sbert-base,gov-ai,Hard ($d$: bottom 20%),Worst,0.01459679877461908,-0.010219061810002409,0.03801738598089991
static-similarity-mrl-multilingual-v1,rai,Hard ($d$: bottom 20%),Worst,-0.007184315112689705,-0.032057590130188066,0.004886938713162502
potion-base-8M,gov-ai,Easy ($d$: top 20%),Mean,0.3806857700218528,0.3641012515375165,0.40669794194840686
M2V_base_glove_subword,gov-ai,Easy ($d$: top 20%),Worst,0.3869087736862075,0.3613371559646083,0.4193658313114634
model2vecdk,rai,Easy ($d$: top 20%),Best,0.3101578565860925,0.2848668284928615,0.3378963734181117
xlm-roberta-base,gov-ai,Hard ($d$: bottom 20%),Best,0.026323870571895457,0.004361541985732093,0.04991691218536865
xlm-roberta-base,gov-ai,Easy ($d$: top 20%),Best,0.2449474507128177,0.21861891110038534,0.27125775772248184
Qwen3-Embedding-0.6B,rai,Easy ($d$: top 20%),Mean,0.16335078541792128,0.14886173731347954,0.18010872559629926
xlm-roberta-base,rai,Easy ($d$: top 20%),Worst,0.15828994836857566,0.15247994499494927,0.16434698002955903
text-embedding-ada-002,welfare,Easy ($d$: top 20%),Worst,0.383878101621173,0.3735602664576803,0.3941516891774764
EmbeddingGemma-Scandi-300m,rai,Hard ($d$: bottom 20%),Best,0.0164595540670631,0.008585082224199281,0.030070115070559466
text-embedding-3-large,welfare,Easy ($d$: top 20%),Worst,0.40143576936045094,0.3894786425214887,0.41458026385566943
multilingual-e5-small,gov-ai,Hard ($d$: bottom 20%),Worst,0.031241173629816064,0.0014575979013564948,0.05431358718923675
paraphrase-multilingual-MiniLM-L12-v2,welfare,Easy ($d$: top 20%),Mean,0.4716016627594892,0.46395206787073745,0.47783273730923254
LaBSE,welfare,Hard ($d$: bottom 20%),Worst,-0.012338828246897773,-0.026229397531047263,-0.00011953913772636286
model2vecdk,gov-ai,Hard ($d$: bottom 20%),Mean,0.04608574605983791,0.025693993688556634,0.06712389678453638
Qwen3-Embedding-Scandi-0.6B,welfare,Easy ($d$: top 20%),Worst,0.2571115484830703,0.24408404925839253,0.27048826711520724
multilingual-e5-large-instruct,welfare,Easy ($d$: top 20%),Worst,0.41773162874333897,0.40765435951603624,0.4321318473554854
xlm-roberta-base,welfare,Hard ($d$: bottom 20%),Worst,-0.0008342295878273109,-0.013603641151251806,0.008899309824004619
snowflake-arctic-embed-l-v2.0,welfare,Hard ($d$: bottom 20%),Best,0.01993096446905597,0.004155052971256329,0.03532747641119431
LaBSE,welfare,Hard ($d$: bottom 20%),Best,0.03915326062204577,0.024135001045270766,0.05033192547619909
xlm-roberta-large,rai,Easy ($d$: top 20%),Worst,0.13664234531893865,0.1284107498827234,0.14420560273233074
potion-base-4M,rai,Hard ($d$: bottom 20%),Mean,0.03538936929010746,0.023029861717477357,0.05031975273084644
potion-base-8M,rai,Hard ($d$: bottom 20%),Worst,0.01444806573095936,-0.004843366045090871,0.023779378029255012
model2vecdk-stem,welfare,Easy ($d$: top 20%),Mean,0.30205642635917657,0.29456968622733387,0.30813886378199307
static-similarity-mrl-multilingual-v1,gov-ai,Easy ($d$: top 20%),Worst,0.3240922198086134,0.30293031749752714,0.3503460533770419
M2V_base_output,gov-ai,Easy ($d$: top 20%),Best,0.3475530071034148,0.3231049229648367,0.3690998124940997
bge-m3,welfare,Hard ($d$: bottom 20%),Best,0.03896122827406906,0.023258949468595254,0.0516719433220789
M2V_base_glove_subword,gov-ai,Hard ($d$: bottom 20%),Mean,0.04284211407926996,0.021676626879898138,0.06572069906725375
Qwen3-Embedding-Scandi-0.6B,gov-ai,Easy ($d$: top 20%),Mean,0.5457935788536186,0.5202645898361413,0.5671539447743157
Human,gov-ai,Easy ($d$: top 20%),Worst,1.0,1.0,1.0
static-similarity-mrl-multilingual-v1,welfare,Easy ($d$: top 20%),Best,0.3270565586450141,0.31030913227886514,0.34252149059514325
M2V_base_output,rai,Hard ($d$: bottom 20%),Worst,0.01692310081479016,-0.013792772076642902,0.0317288350370583
model2vecdk,rai,Hard ($d$: bottom 20%),Worst,0.011441008522033114,-0.014218888869775636,0.02446522997547009
xlm-roberta-large,gov-ai,Hard ($d$: bottom 20%),Mean,0.05748277462704731,0.038688879587313554,0.08063596001322423
potion-base-2M,gov-ai,Hard ($d$: bottom 20%),Worst,0.05078170013450221,0.02284172711079091,0.07480537885268931
M2V_base_glove_subword,rai,Easy ($d$: top 20%),Best,0.13505511165769038,0.1253994176136276,0.1429471983806724
dfm-sentence-encoder-large,welfare,Hard ($d$: bottom 20%),Best,0.04253823565033902,0.029409885136284182,0.05941249096672088
LaBSE,gov-ai,Easy ($d$: top 20%),Best,0.38208809630465546,0.358330010151914,0.40831635269818817
static-similarity-mrl-multilingual-v1,gov-ai,Easy ($d$: top 20%),Best,0.3240922198086134,0.30293031749752714,0.3503460533770419
text-embedding-3-small,gov-ai,Easy ($d$: top 20%),Best,0.55097078299903,0.528081263649566,0.5753822864584277
M2V_base_glove_subword,welfare,Hard ($d$: bottom 20%),Worst,0.00999449249953878,-0.003901926635853456,0.02178401433254761
multilingual-e5-small,rai,Easy ($d$: top 20%),Worst,0.27064435898231276,0.2654587669861183,0.27696271484443624
dfm-sentence-encoder-large,gov-ai,Hard ($d$: bottom 20%),Mean,0.05409794405935741,0.025027409891298445,0.07988735399200508
text-embedding-3-small,gov-ai,Easy ($d$: top 20%),Mean,0.55097078299903,0.528081263649566,0.5753822864584277
potion-multilingual-128M,gov-ai,Hard ($d$: bottom 20%),Best,0.027646850118833468,0.003841953366259754,0.05364917890891051
snowflake-arctic-embed-l-v2.0,gov-ai,Hard ($d$: bottom 20%),Mean,0.033679893632652,0.012350575006171965,0.054669530890578785
xlm-roberta-large,rai,Easy ($d$: top 20%),Mean,0.15681737246374328,0.14273322103332917,0.17033150824564197
EmbeddingGemma-Scandi-300m,rai,Hard ($d$: bottom 20%),Mean,0.00620122829159593,-0.007797343334203205,0.017709374139808415
Human,gov-ai,Hard ($d$: bottom 20%),Best,1.0,1.0,1.0
mmBERTscandi-base-embedding,gov-ai,Easy ($d$: top 20%),Worst,0.5915956597535214,0.574534499154716,0.6120819707502383
dfm-sentence-encoder-large,rai,Hard ($d$: bottom 20%),Best,0.039105073432576874,0.02437118483764872,0.07054577830728198
LaBSE,rai,Easy ($d$: top 20%),Best,0.2994391565393566,0.2838146778963105,0.34034371226496457
bge-m3,rai,Hard ($d$: bottom 20%),Best,0.04171797684512698,0.017603825384738973,0.07602422439439008
Human,welfare,Hard ($d$: bottom 20%),Mean,0.7788324604272826,0.7298302288845975,0.8287020455560344
M2V_base_output,welfare,Hard ($d$: bottom 20%),Worst,0.01172574873117909,-0.010571430044547123,0.02708209150565785
Qwen3-Embedding-Scandi-0.6B,gov-ai,Easy ($d$: top 20%),Best,0.5457935788536186,0.5202645898361413,0.5671539447743157
xlm-roberta-base,rai,Hard ($d$: bottom 20%),Mean,0.03848622045442046,0.024326047156263932,0.0545578536715139
static-similarity-mrl-multilingual-v1,rai,Hard ($d$: bottom 20%),Mean,0.0038343875597844496,-0.00961284876724256,0.017599580778896083
Qwen3-Embedding-Scandi-0.6B,rai,Easy ($d$: top 20%),Mean,0.2972947651603542,0.2810303896307345,0.3146058804461221
Human,gov-ai,Hard ($d$: bottom 20%),Mean,1.0,1.0,1.0
potion-base-8M,welfare,Easy ($d$: top 20%),Best,0.25761017078926485,0.24068051919974004,0.27508071358836805
M2V_base_output,rai,Hard ($d$: bottom 20%),Best,0.041498410701800756,0.022730445424158047,0.07477454369604566
model2vecdk,rai,Easy ($d$: top 20%),Worst,0.26994467738697003,0.2588855291488285,0.2815588750438088
multilingual-e5-small,gov-ai,Hard ($d$: bottom 20%),Best,0.031241173629816064,0.0014575979013564948,0.05431358718923675
snowflake-arctic-embed-l-v2.0,welfare,Easy ($d$: top 20%),Mean,0.4138401268555424,0.40817171130706564,0.42119044221233815
potion-multilingual-128M,rai,Hard ($d$: bottom 20%),Best,0.0372917961705489,0.011720738441851248,0.07714888323750549
model2vecdk,welfare,Easy ($d$: top 20%),Mean,0.3632579870939269,0.356287402085588,0.36879018958845794
paraphrase-multilingual-mpnet-base-v2,welfare,Easy ($d$: top 20%),Worst,0.46629702381597105,0.44827792637066805,0.48310771550207454
model2vecdk-stem,rai,Hard ($d$: bottom 20%),Best,0.04156599296667211,0.024302565122036518,0.07496622080318312
M2V_base_glove,rai,Easy ($d$: top 20%),Worst,0.00957981481523283,-0.02675089950631742,0.030606942339678794
text-embedding-ada-002,gov-ai,Hard ($d$: bottom 20%),Mean,0.02169788275212602,-0.006183083318272225,0.04147730071857002
mxbai-embed-large-v1,rai,Easy ($d$: top 20%),Worst,0.1709134636427151,0.16556373832791704,0.18108273090138008
multilingual-e5-large,rai,Hard ($d$: bottom 20%),Worst,-0.00291357036534857,-0.018222110388356354,0.006427335860564203
text-embedding-ada-002,rai,Hard ($d$: bottom 20%),Best,0.03003592258826878,0.011934478707282597,0.0702311058496405
M2V_base_glove_subword,rai,Hard ($d$: bottom 20%),Worst,0.01178964046720518,-0.0027265161187703165,0.022464844310941198
model2vecdk-stem,rai,Easy ($d$: top 20%),Mean,0.2738896328321658,0.26058109283639236,0.2882039628329044
bge-m3,gov-ai,Easy ($d$: top 20%),Mean,0.44784898682600444,0.4201249118528531,0.46910429809914445
xlm-roberta-large,rai,Easy ($d$: top 20%),Best,0.19165437090757284,0.15095824677665798,0.23177197143384187
M2V_base_glove,welfare,Easy ($d$: top 20%),Mean,0.0072658373047052695,-0.0005703541584299986,0.015380746153886623
nb-sbert-base,welfare,Hard ($d$: bottom 20%),Worst,-0.01008255643977893,-0.023020306257821543,0.0021236137065734073
model2vecdk,gov-ai,Hard ($d$: bottom 20%),Best,0.04608574605983791,0.025693993688556634,0.06712389678453638
snowflake-arctic-embed-l-v2.0,rai,Hard ($d$: bottom 20%),Mean,0.03392006171267242,0.01972582151186763,0.049478101882868136
text-embedding-3-small,welfare,Easy ($d$: top 20%),Best,0.45267772848577953,0.4416750044618673,0.4638771942335578
dfm-sentence-encoder-large,rai,Hard ($d$: bottom 20%),Worst,0.01451540205491198,-0.0026848330605850814,0.028478148102546542
m2v-dfm-large,gov-ai,Hard ($d$: bottom 20%),Best,-0.0017046526334767642,-0.031288985640554635,0.021650369633062664
multilingual-e5-large,welfare,Hard ($d$: bottom 20%),Mean,0.02244782150094634,0.01446393838576437,0.02978707436437512
m2v-dfm-large,gov-ai,Hard ($d$: bottom 20%),Mean,-0.0017046526334767642,-0.031288985640554635,0.021650369633062664
static-similarity-mrl-multilingual-v1,rai,Easy ($d$: top 20%),Best,0.2533860129840511,0.22632000903342372,0.2893554874190106
dfm-sentence-encoder-large,rai,Hard ($d$: bottom 20%),Mean,0.026964156750179456,0.01338013773801201,0.042710745469527064
m2v-dfm-large,rai,Easy ($d$: top 20%),Best,0.30639102611147256,0.29083615943380814,0.34057808174904264
Human,welfare,Easy ($d$: top 20%),Best,0.9604458442055633,0.9385557944067766,0.975733556271461
LaBSE,rai,Easy ($d$: top 20%),Mean,0.28258117675548755,0.2636294951924788,0.2985234590606251
paraphrase-multilingual-MiniLM-L12-v2,gov-ai,Easy ($d$: top 20%),Worst,0.4950599146773564,0.4660395422649369,0.5216500809456834
text-embedding-3-small,welfare,Hard ($d$: bottom 20%),Best,0.061540150787605746,0.04749007478615648,0.08162457423456701
snowflake-arctic-embed-l-v2.0,gov-ai,Easy ($d$: top 20%),Best,0.44878056595464805,0.4258887659335551,0.47943468855715604
M2V_base_glove,rai,Hard ($d$: bottom 20%),Mean,-0.05389152893911411,-0.07427500902790492,-0.04355140456024815
potion-base-2M,rai,Hard ($d$: bottom 20%),Best,0.03353988700206642,0.010726020883781506,0.06796696702520703
Qwen3-Embedding-0.6B,rai,Hard ($d$: bottom 20%),Mean,-0.02319797685395711,-0.03992278801840212,-0.01085429125945193
paraphrase-multilingual-MiniLM-L12-v2,welfare,Hard ($d$: bottom 20%),Worst,-0.004768679941862164,-0.019613729508830193,0.008857444160815096
Qwen3-Embedding-0.6B,welfare,Easy ($d$: top 20%),Mean,0.2391356324572091,0.23070511790118214,0.24758690259701333
text-embedding-ada-002,gov-ai,Hard ($d$: bottom 20%),Best,0.02169788275212602,-0.006183083318272225,0.04147730071857002
bge-m3,welfare,Easy ($d$: top 20%),Worst,0.37632268199715435,0.3625755480391723,0.3904366316080345
text-embedding-3-small,gov-ai,Easy ($d$: top 20%),Worst,0.55097078299903,0.528081263649566,0.5753822864584277
potion-base-4M,welfare,Hard ($d$: bottom 20%),Worst,0.005340644938957244,-0.00784697415641076,0.017158397776596467
snowflake-arctic-embed-l-v2.0,welfare,Hard ($d$: bottom 20%),Worst,-0.014514816750422632,-0.02715955485651697,0.000053618452129744194
model2vecdk,gov-ai,Hard ($d$: bottom 20%),Worst,0.04608574605983791,0.025693993688556634,0.06712389678453638
multilingual-e5-base,gov-ai,Easy ($d$: top 20%),Best,0.4215458796972543,0.39504143864017677,0.4507704476276915
Qwen3-Embedding-0.6B,gov-ai,Hard ($d$: bottom 20%),Best,0.03378829592757431,0.0018841374916308221,0.06321507188178827
text-embedding-3-small,rai,Easy ($d$: top 20%),Mean,0.3158037322338121,0.3035082919974775,0.3298383538843864
model2vecdk,welfare,Easy ($d$: top 20%),Best,0.39884848721559296,0.38456700175330866,0.4164953463890487
mmBERTscandi-base-embedding,gov-ai,Hard ($d$: bottom 20%),Mean,0.0684891295915448,0.04105397210430565,0.10004086204822789
potion-base-4M,rai,Hard ($d$: bottom 20%),Worst,0.011558701016234196,0.006046321885835537,0.017627624144200965
multilingual-e5-small,welfare,Easy ($d$: top 20%),Mean,0.3284804568555186,0.32046406649501463,0.33438480613498833
potion-base-8M,gov-ai,Easy ($d$: top 20%),Worst,0.3806857700218528,0.3641012515375165,0.40669794194840686
nb-sbert-base,gov-ai,Easy ($d$: top 20%),Best,0.47549857102031656,0.4546787697923787,0.4935806637388277
xlm-roberta-base,welfare,Easy ($d$: top 20%),Mean,0.0811981217081933,0.07501553355195732,0.08635878696053434
multilingual-e5-base,rai,Easy ($d$: top 20%),Worst,0.2630340084845381,0.25330869333228817,0.27393940208698164
LaBSE,gov-ai,Easy ($d$: top 20%),Mean,0.38208809630465546,0.358330010151914,0.40831635269818817
M2V_base_glove,welfare,Hard ($d$: bottom 20%),Best,-0.0381472514992919,-0.05469919707354817,-0.02037213285847051
multilingual-e5-base,gov-ai,Hard ($d$: bottom 20%),Mean,0.04106973820837094,0.009587059818771766,0.07031229739139427
potion-base-4M,welfare,Easy ($d$: top 20%),Mean,0.20425941104201392,0.1973615143851839,0.20997174963365123
mxbai-embed-large-v1,welfare,Easy ($d$: top 20%),Mean,0.19458424362673596,0.18133649756281595,0.2047649490903059
xlm-roberta-large,gov-ai,Easy ($d$: top 20%),Worst,0.31331316520248387,0.2882730030311398,0.33854626340853494
LaBSE,rai,Hard ($d$: bottom 20%),Mean,0.022657152866560653,0.011508016462810569,0.034117451548336654
paraphrase-multilingual-mpnet-base-v2,rai,Easy ($d$: top 20%),Best,0.39182794145652133,0.3757078774003335,0.4256419666741812
mxbai-embed-large-v1,gov-ai,Hard ($d$: bottom 20%),Worst,0.06190297510818131,0.036013437512869236,0.0891458259483834
nb-sbert-base,gov-ai,Hard ($d$: bottom 20%),Best,0.01459679877461908,-0.010219061810002409,0.03801738598089991
LaBSE,gov-ai,Hard ($d$: bottom 20%),Worst,-0.0018435617860900555,-0.030955622051411964,0.02082770146263097
paraphrase-multilingual-mpnet-base-v2,rai,Easy ($d$: top 20%),Worst,0.3533320677865732,0.3431694153346364,0.36258074849994304
potion-base-2M,welfare,Hard ($d$: bottom 20%),Worst,0.010161505091975132,-0.0020668929718236167,0.026092478671980272
EmbeddingGemma-Scandi-300m,rai,Hard ($d$: bottom 20%),Worst,-0.0073479113092742195,-0.03981174215366255,0.010109770392517852
text-embedding-ada-002,rai,Easy ($d$: top 20%),Worst,0.30196444102869135,0.2920939295858597,0.3118502373825426
multilingual-e5-base,welfare,Hard ($d$: bottom 20%),Mean,0.017175111007518933,0.010199484204376573,0.02342707509977876
M2V_base_glove_subword,gov-ai,Hard ($d$: bottom 20%),Worst,0.04284211407926996,0.021676626879898138,0.06572069906725375
potion-base-8M,welfare,Easy ($d$: top 20%),Mean,0.19911823372472473,0.1891509849389516,0.21024206490152042
text-embedding-3-large,rai,Hard ($d$: bottom 20%),Mean,0.037996603377871134,0.027468412324089742,0.05398124216734716
mmBERTscandi-base-embedding,welfare,Hard ($d$: bottom 20%),Mean,0.016385197010613438,0.007257359451456987,0.022855622238191806
M2V_base_glove_subword,welfare,Hard ($d$: bottom 20%),Best,0.0470988287790941,0.03436430927981557,0.058063870734733077
text-embedding-3-small,welfare,Easy ($d$: top 20%),Worst,0.4282452199901665,0.415454329854232,0.4389098690397618
M2V_base_output,rai,Easy ($d$: top 20%),Best,0.14327346653728942,0.1337527173515117,0.1541644528304626
multilingual-e5-large,welfare,Hard ($d$: bottom 20%),Best,0.04083846817958678,0.025653362484527792,0.05521428899817065
potion-multilingual-128M,rai,Easy ($d$: top 20%),Best,0.2626595539779661,0.25352552881848595,0.2737445362911777
