dataset,seed,model,v_measure,adjusted_rand_index
rai,18,EmbeddingGemma-Scandi-300m,0.6289611249756797,0.09146197489054246
rai,18,LaBSE,0.6448614349407891,0.10899136129921319
rai,18,M2V_base_glove,0.5321635510186834,-0.022384458662472746
rai,18,M2V_base_glove_subword,0.5155892881941071,-0.030831875526153955
rai,18,M2V_base_output,0.5299956109823022,-0.055611771210398384
rai,18,Qwen3-Embedding-0.6B,0.6254786813030158,0.09952952712782048
rai,18,Qwen3-Embedding-Scandi-0.6B,0.5976851122101579,0.03419325242358211
rai,18,bge-m3,0.6598722340894965,0.151186324048276
rai,18,dfm-sentence-encoder-large,0.6318005252496595,0.10662893024298879
rai,18,jaccard-binary,0.5490312741412089,0.00840353694869514
rai,18,m2v-dfm-large,0.5471013542294149,-0.04449760765550239
rai,18,mmBERTscandi-base-embedding,0.6557641923584145,0.189484787919165
rai,18,model2vecdk,0.6082908948275103,0.0490835271978307
rai,18,model2vecdk-stem,0.637972314505266,0.14841802192758263
rai,18,multilingual-e5-base,0.5474761528384947,-0.046411483253588515
rai,18,multilingual-e5-large,0.5299956109823022,-0.055611771210398384
rai,18,multilingual-e5-large-instruct,0.6853185627190015,0.1942543956448172
rai,18,multilingual-e5-small,0.6735254813154814,0.1679425837320574
rai,18,mxbai-embed-large-v1,0.5667740030963413,-0.02553109673415143
rai,18,nb-sbert-base,0.5976851122101579,0.03419325242358211
rai,18,paraphrase-multilingual-MiniLM-L12-v2,0.5384890275561405,-0.046411483253588515
rai,18,paraphrase-multilingual-mpnet-base-v2,0.6289611249756797,0.09146197489054246
rai,18,potion-base-2M,0.5667740030963413,-0.02553109673415143
rai,18,potion-base-4M,0.5002252207326312,-0.07198770418558101
rai,18,potion-base-8M,0.5167585863003631,-0.041298037849761986
rai,18,potion-multilingual-128M,0.6816369114659302,0.2529756626782529
rai,18,snowflake-arctic-embed-l-v2.0,0.644861434940789,0.10899136129921319
rai,18,static-similarity-mrl-multilingual-v1,0.5245893320349235,-0.0033193869273790717
rai,18,text-embedding-3-large,0.6019037422844268,0.060765550239234446
rai,18,text-embedding-3-small,0.5384890275561405,-0.046411483253588515
rai,18,text-embedding-ada-002,0.5384890275561405,-0.046411483253588515
rai,18,tfidf-char35,0.6243124068217899,0.06546261556193138
rai,18,xlm-roberta-base,0.5163503463033925,-0.04024149541390921
rai,18,xlm-roberta-large,0.5829007768230703,0.04697920460448149
rai,28,EmbeddingGemma-Scandi-300m,0.7664834528299438,0.42488262910798125
rai,28,LaBSE,0.5404652623513684,-0.008771929824561403
rai,28,M2V_base_glove,0.5106410088873115,-0.012861736334405145
rai,28,M2V_base_glove_subword,0.39641758199607696,-0.1187214611872146
rai,28,M2V_base_output,0.4595882252588874,-0.07001972386587771
rai,28,Qwen3-Embedding-0.6B,0.6325692046573768,0.16145833333333331
rai,28,Qwen3-Embedding-Scandi-0.6B,0.5838604614940748,0.06666666666666667
rai,28,bge-m3,0.5120848243220616,-0.015917602996254682
rai,28,dfm-sentence-encoder-large,0.5376062876709086,0.0557006092254134
rai,28,jaccard-binary,0.5041451729040073,0.013389711064129669
rai,28,m2v-dfm-large,0.606777350296543,0.09208819714656291
rai,28,mmBERTscandi-base-embedding,0.5246835056060619,0.0091324200913242
rai,28,model2vecdk,0.5239044505023399,-0.026995305164319246
rai,28,model2vecdk-stem,0.5773200759268993,0.08854166666666667
rai,28,multilingual-e5-base,0.4685688119357049,-0.0547945205479452
rai,28,multilingual-e5-large,0.5283530370314158,-0.012861736334405145
rai,28,multilingual-e5-large-instruct,0.6738319470552214,0.2736705577172503
rai,28,multilingual-e5-small,0.5193444971265677,0.004065040650406505
rai,28,mxbai-embed-large-v1,0.5770077753892626,0.05516431924882629
rai,28,nb-sbert-base,0.6595280448140057,0.19791666666666666
rai,28,paraphrase-multilingual-MiniLM-L12-v2,0.6050503308862348,0.125
rai,28,paraphrase-multilingual-mpnet-base-v2,0.6595280448140057,0.19791666666666666
rai,28,potion-base-2M,0.48758677143426155,-0.03550295857988166
rai,28,potion-base-4M,0.4685688119357049,-0.0547945205479452
rai,28,potion-base-8M,0.48758677143426155,-0.03550295857988166
rai,28,potion-multilingual-128M,0.6850206685732605,0.22827496757457846
rai,28,snowflake-arctic-embed-l-v2.0,0.6089635856774347,0.09967845659163987
rai,28,static-similarity-mrl-multilingual-v1,0.4749525074043242,-0.01127554615926709
rai,28,text-embedding-3-large,0.6652987347737802,0.2543859649122807
rai,28,text-embedding-3-small,0.5664588492213374,0.03508771929824561
rai,28,text-embedding-ada-002,0.5401390252429505,0.01685393258426966
rai,28,tfidf-char35,0.6587695287003934,0.18287937743190663
rai,28,xlm-roberta-base,0.49784781164613146,-0.005221932114882507
rai,28,xlm-roberta-large,0.47495250740432404,-0.01127554615926709
welfare,9,EmbeddingGemma-Scandi-300m,0.8280210570771346,0.6026755852842809
welfare,9,LaBSE,0.8400884165687756,0.674743502942555
welfare,9,M2V_base_glove,0.5276478842608345,0.1078016084120824
welfare,9,M2V_base_glove_subword,0.6896613411132867,0.29169704702880056
welfare,9,M2V_base_output,0.6201970417929974,0.17459005285269005
welfare,9,Qwen3-Embedding-0.6B,0.6919769113714278,0.3273866923818708
welfare,9,Qwen3-Embedding-Scandi-0.6B,0.766361696878396,0.44503375120540023
welfare,9,bge-m3,0.7437868935450093,0.39810467148781575
welfare,9,dfm-sentence-encoder-large,0.8409262117469696,0.6679404718504245
welfare,9,jaccard-binary,0.5075539222552728,0.07545894562420966
welfare,9,m2v-dfm-large,0.732041478623717,0.366923818707811
welfare,9,mmBERTscandi-base-embedding,0.7663616968783957,0.44503375120540023
welfare,9,model2vecdk,0.7554717162493869,0.42768605801781157
welfare,9,model2vecdk-stem,0.7806432915694286,0.4595571854542962
welfare,9,multilingual-e5-base,0.7692338713772009,0.4257473481195757
welfare,9,multilingual-e5-large,0.7699429218334323,0.4798187594396125
welfare,9,multilingual-e5-large-instruct,0.8314109067155464,0.582462213387257
welfare,9,multilingual-e5-small,0.7291693041249119,0.3862102217936355
welfare,9,mxbai-embed-large-v1,0.5418035871660751,0.0514426331961877
welfare,9,nb-sbert-base,0.756090381470648,0.49209200909035067
welfare,9,paraphrase-multilingual-MiniLM-L12-v2,0.8814858996961392,0.7132701421800948
welfare,9,paraphrase-multilingual-mpnet-base-v2,0.7806432915694286,0.4595571854542962
welfare,9,potion-base-2M,0.7240746872459745,0.4112397256942756
welfare,9,potion-base-4M,0.725610083719044,0.4027870680044593
welfare,9,potion-base-8M,0.725610083719044,0.4027870680044593
welfare,9,potion-multilingual-128M,0.7806432915694286,0.4595571854542962
welfare,9,snowflake-arctic-embed-l-v2.0,0.8314109067155464,0.582462213387257
welfare,9,static-similarity-mrl-multilingual-v1,0.5988832010330571,0.15528837295006448
welfare,9,text-embedding-3-large,0.8314109067155464,0.582462213387257
welfare,9,text-embedding-3-small,0.8314109067155464,0.582462213387257
welfare,9,text-embedding-ada-002,0.8314109067155464,0.582462213387257
welfare,9,tfidf-char35,0.8314109067155464,0.582462213387257
welfare,9,xlm-roberta-base,0.7384454696989552,0.46542691781250217
welfare,9,xlm-roberta-large,0.6532800892035863,0.2746541166503666
welfare,5,EmbeddingGemma-Scandi-300m,0.771127828543803,0.4370785208969673
welfare,5,LaBSE,0.7627790255905433,0.4942682264527587
welfare,5,M2V_base_glove,0.4668215226660528,-0.008980546754108027
welfare,5,M2V_base_glove_subword,0.4750885995288092,0.011974062338810699
welfare,5,M2V_base_output,0.4572878201833077,-0.02951905829787379
welfare,5,Qwen3-Embedding-0.6B,0.48035869312520807,-0.02724508187619056
welfare,5,Qwen3-Embedding-Scandi-0.6B,0.6484772560352539,0.18557213661361377
welfare,5,bge-m3,0.7527060765832148,0.45177530860573323
welfare,5,dfm-sentence-encoder-large,0.63396575980601,0.2511071658926033
welfare,5,jaccard-binary,0.447442354279979,-0.009173973914965737
welfare,5,m2v-dfm-large,0.6214820768953035,0.14563299625606338
welfare,5,mmBERTscandi-base-embedding,0.5741202435137818,0.07490426823573362
welfare,5,model2vecdk,0.6934279311630329,0.29413054200690525
welfare,5,model2vecdk-stem,0.6214820768953037,0.14563299625606338
welfare,5,multilingual-e5-base,0.6714726537531134,0.25384197625093574
welfare,5,multilingual-e5-large,0.6490512888999159,0.18161495590093008
welfare,5,multilingual-e5-large-instruct,0.7627790255905433,0.4942682264527587
welfare,5,multilingual-e5-small,0.6450064690207866,0.20771624418382773
welfare,5,mxbai-embed-large-v1,0.48939426678184794,0.0032679738562091526
welfare,5,nb-sbert-base,0.6278063491802819,0.21134905840391022
welfare,5,paraphrase-multilingual-MiniLM-L12-v2,0.6785156628589424,0.2887820851606334
welfare,5,paraphrase-multilingual-mpnet-base-v2,0.7534113007785135,0.3647632281855244
welfare,5,potion-base-2M,0.496752073126569,-0.01918493190342316
welfare,5,potion-base-4M,0.5149813952425204,0.01966003549080041
welfare,5,potion-base-8M,0.5380846900505095,0.0668692743768035
welfare,5,potion-multilingual-128M,0.6572684625863796,0.20333936172156153
welfare,5,snowflake-arctic-embed-l-v2.0,0.7467106570591802,0.37629016642005075
welfare,5,static-similarity-mrl-multilingual-v1,0.5131476864458907,0.09675963451477415
welfare,5,text-embedding-3-large,0.7635859097060504,0.4870025980125937
welfare,5,text-embedding-3-small,0.6544936343147164,0.25384197625093574
welfare,5,text-embedding-ada-002,0.7254330077353812,0.41291520497879025
welfare,5,tfidf-char35,0.7383793715885415,0.3287055092080126
welfare,5,xlm-roberta-base,0.5001044265123796,-0.036342820238077764
welfare,5,xlm-roberta-large,0.5095831556997183,0.0027121221181033084
welfare,6,EmbeddingGemma-Scandi-300m,0.6463315933765137,0.2371963484449946
welfare,6,LaBSE,0.7059202018687459,0.3687544276367879
welfare,6,M2V_base_glove,0.5429106388995232,0.09108228360340544
welfare,6,M2V_base_glove_subword,0.5752050015413794,0.1337990262043992
welfare,6,M2V_base_output,0.5275524402983104,0.08258912187125345
welfare,6,Qwen3-Embedding-0.6B,0.6255670496671075,0.2357142857142857
welfare,6,Qwen3-Embedding-Scandi-0.6B,0.7193504530738848,0.36699073606530325
welfare,6,bge-m3,0.5920240686834928,0.21822259568726773
welfare,6,dfm-sentence-encoder-large,0.6561834916542844,0.28774603862723314
welfare,6,jaccard-binary,0.39302600926100467,0.0029271766541091454
welfare,6,m2v-dfm-large,0.5851929494371926,0.14745474237969983
welfare,6,mmBERTscandi-base-embedding,0.6008115847210119,0.156119844388515
welfare,6,model2vecdk,0.6463315933765137,0.2371963484449946
welfare,6,model2vecdk-stem,0.6463315933765139,0.2371963484449946
welfare,6,multilingual-e5-base,0.6164055855685365,0.19093300324926504
welfare,6,multilingual-e5-large,0.6317522886796558,0.2123112511571758
welfare,6,multilingual-e5-large-instruct,0.7329039990487554,0.403768138074747
welfare,6,multilingual-e5-small,0.5895764745821107,0.157191871206123
welfare,6,mxbai-embed-large-v1,0.5263498619659657,0.07698308773717755
welfare,6,nb-sbert-base,0.6463315933765137,0.2371963484449946
welfare,6,paraphrase-multilingual-MiniLM-L12-v2,0.7006338318325748,0.3650941049255757
welfare,6,paraphrase-multilingual-mpnet-base-v2,0.610603385966598,0.19714285714285712
welfare,6,potion-base-2M,0.5813032550940425,0.14570935572402924
welfare,6,potion-base-4M,0.5813032550940425,0.14570935572402924
welfare,6,potion-base-8M,0.49038476912249385,0.027495156903144663
welfare,6,potion-multilingual-128M,0.7735402870142509,0.5036360823147146
welfare,6,snowflake-arctic-embed-l-v2.0,0.6884536588704648,0.3264200717764044
welfare,6,static-similarity-mrl-multilingual-v1,0.5543210800795468,0.13355639287840604
welfare,6,text-embedding-3-large,0.6893252439704216,0.32415287018412503
welfare,6,text-embedding-3-small,0.713743164727179,0.3687544276367879
welfare,6,text-embedding-ada-002,0.6620745593373433,0.28688308260754813
welfare,6,tfidf-char35,0.5430586933104893,0.08918976495372452
welfare,6,xlm-roberta-base,0.6164055855685364,0.19093300324926504
welfare,6,xlm-roberta-large,0.4566315687657467,0.03162185086410087
rai,0,EmbeddingGemma-Scandi-300m,0.6060562878966222,0.019771358579156885
rai,0,LaBSE,0.6723492450414396,0.1528197407369603
rai,0,M2V_base_glove,0.5515247783926626,0.0344597938627464
rai,0,M2V_base_glove_subword,0.5294384550950472,0.017328453587301323
rai,0,M2V_base_output,0.5515247783926626,0.0344597938627464
rai,0,Qwen3-Embedding-0.6B,0.6445061515455175,0.09626393749910665
rai,0,Qwen3-Embedding-Scandi-0.6B,0.7184436711736961,0.2703880473127205
rai,0,bge-m3,0.7039937904934842,0.1944386802241129
rai,0,dfm-sentence-encoder-large,0.5821331133918044,0.06864038753689886
rai,0,jaccard-binary,0.5654604239656926,0.0343777069860087
rai,0,m2v-dfm-large,0.688111788513095,0.18363665782864036
rai,0,mmBERTscandi-base-embedding,0.6092901461455753,0.07639941454459326
rai,0,model2vecdk,0.7065648165822648,0.22045568466621096
rai,0,model2vecdk-stem,0.7264469453468863,0.2622190923432782
rai,0,multilingual-e5-base,0.6967799135756405,0.19552811786677732
rai,0,multilingual-e5-large,0.7067068239469254,0.21944862155388473
rai,0,multilingual-e5-large-instruct,0.6135775671751874,0.05263218332142493
rai,0,multilingual-e5-small,0.6716294703667045,0.1297032885045817
rai,0,mxbai-embed-large-v1,0.5759706893551855,-0.018820936473501977
rai,0,nb-sbert-base,0.6996127044131315,0.21773884862713078
rai,0,paraphrase-multilingual-MiniLM-L12-v2,0.665336668181117,0.11957875077816973
rai,0,paraphrase-multilingual-mpnet-base-v2,0.6606185960746721,0.11006607427660059
rai,0,potion-base-2M,0.595845222672939,0.06827636327061688
rai,0,potion-base-4M,0.5742547279150897,0.04873862862625473
rai,0,potion-base-8M,0.5742547279150897,0.04873862862625473
rai,0,potion-multilingual-128M,0.7258907083038615,0.2572522214627478
rai,0,snowflake-arctic-embed-l-v2.0,0.6787244711613774,0.17011459070648327
rai,0,static-similarity-mrl-multilingual-v1,0.5821331133918044,0.06864038753689886
rai,0,text-embedding-3-large,0.7264469453468864,0.2622190923432782
rai,0,text-embedding-3-small,0.668574165777837,0.13680069082410215
rai,0,text-embedding-ada-002,0.6087536074202808,0.03952684867273636
rai,0,tfidf-char35,0.7035290019777664,0.2109934685297623
rai,0,xlm-roberta-base,0.616220514466584,0.0713819392411311
rai,0,xlm-roberta-large,0.564613991251677,0.018016540696136084
rai,2,EmbeddingGemma-Scandi-300m,0.4595523263138177,0.017559815307121862
rai,2,LaBSE,0.4089454275674174,-0.06036226261495606
rai,2,M2V_base_glove,0.40589557316129865,-0.06410981746717088
rai,2,M2V_base_glove_subword,0.565506402935737,0.193717277486911
rai,2,M2V_base_output,0.4003407695691683,-0.0318241177090853
rai,2,Qwen3-Embedding-0.6B,0.36991285779665994,-0.10636333859393146
rai,2,Qwen3-Embedding-Scandi-0.6B,0.41632826519873023,-0.051055091346834724
rai,2,bge-m3,0.34381545478455167,-0.10395655139843628
rai,2,dfm-sentence-encoder-large,0.4966259081775003,0.055757660556877
rai,2,jaccard-binary,0.46472996466374816,0.06071605278739851
rai,2,m2v-dfm-large,0.5191693283962286,0.0851063829787234
rai,2,mmBERTscandi-base-embedding,0.4194770242226342,-0.021856296340410322
rai,2,model2vecdk,0.4058955731612986,-0.06410981746717088
rai,2,model2vecdk-stem,0.4052049927630447,-0.06866243375137746
rai,2,multilingual-e5-base,0.46001220123576414,0.01603342788455423
rai,2,multilingual-e5-large,0.38057999958669986,-0.09453335221639994
rai,2,multilingual-e5-large-instruct,0.4914424549519114,0.06265074591311079
rai,2,multilingual-e5-small,0.450653409019991,-0.021239954075774968
rai,2,mxbai-embed-large-v1,0.5513355970593373,0.1262150304022121
rai,2,nb-sbert-base,0.4232724804982331,-0.022927611076484732
rai,2,paraphrase-multilingual-MiniLM-L12-v2,0.462850453880421,-0.007576830477269508
rai,2,paraphrase-multilingual-mpnet-base-v2,0.462850453880421,-0.007576830477269508
rai,2,potion-base-2M,0.3950025645785519,-0.03533654427959436
rai,2,potion-base-4M,0.3950025645785519,-0.03533654427959436
rai,2,potion-base-8M,0.3950025645785519,-0.03533654427959436
rai,2,potion-multilingual-128M,0.5054419597076534,0.042046605876393105
rai,2,snowflake-arctic-embed-l-v2.0,0.4089454275674174,-0.06036226261495606
rai,2,static-similarity-mrl-multilingual-v1,0.4008712563282101,-0.032310787025396026
rai,2,text-embedding-3-large,0.48326554039991243,0.007529317697228144
rai,2,text-embedding-3-small,0.39664623876969374,-0.04495396280917133
rai,2,text-embedding-ada-002,0.4811693542460955,0.030120481927710843
rai,2,tfidf-char35,0.4986626445635086,0.03476844639569466
rai,2,xlm-roberta-base,0.5002295698022905,0.12993947773090866
rai,2,xlm-roberta-large,0.4282756377865665,-0.036306307577275224
rai,25,EmbeddingGemma-Scandi-300m,0.6754125929322632,0.2976588628762542
rai,25,LaBSE,0.5325315202743911,0.06396255850234009
rai,25,M2V_base_glove,0.48747152551108786,0.050489826676714394
rai,25,M2V_base_glove_subword,0.5633967848066566,0.11941294196130753
rai,25,M2V_base_output,0.5243997715028648,0.09849749582637729
rai,25,Qwen3-Embedding-0.6B,0.3859086047238587,-0.067853170189099
rai,25,Qwen3-Embedding-Scandi-0.6B,0.6702579834221,0.26595744680851063
rai,25,bge-m3,0.6877642981690125,0.3489434608794974
rai,25,dfm-sentence-encoder-large,0.5519339212110663,0.07345575959933222
rai,25,jaccard-binary,0.4136179816842459,-0.028064992614475627
rai,25,m2v-dfm-large,0.5114852085972317,0.010638297872340425
rai,25,mmBERTscandi-base-embedding,0.613826255756774,0.16376306620209058
rai,25,model2vecdk,0.6477191902885282,0.281437125748503
rai,25,model2vecdk-stem,0.613950820062868,0.13002806361085126
rai,25,multilingual-e5-base,0.5874696152195122,0.19362867098058736
rai,25,multilingual-e5-large,0.6183606628089764,0.20212765957446807
rai,25,multilingual-e5-large-instruct,0.6238466646761955,0.1580916744621141
rai,25,multilingual-e5-small,0.46569256057567365,-0.007121057985757882
rai,25,mxbai-embed-large-v1,0.5325315202743911,0.06396255850234009
rai,25,nb-sbert-base,0.5825273309044499,0.1382978723404255
rai,25,paraphrase-multilingual-MiniLM-L12-v2,0.5666303624645933,0.11495422177009156
rai,25,paraphrase-multilingual-mpnet-base-v2,0.6765526143018824,0.2978723404255319
rai,25,potion-base-2M,0.5971748778822301,0.18615528531337697
rai,25,potion-base-4M,0.6111495688453404,0.19809069212410502
rai,25,potion-base-8M,0.4851925138487419,0.00552486187845304
rai,25,potion-multilingual-128M,0.6115262598475044,0.1776127926898915
rai,25,snowflake-arctic-embed-l-v2.0,0.6877642981690125,0.3489434608794974
rai,25,static-similarity-mrl-multilingual-v1,0.5085906439623917,0.07938625750500333
rai,25,text-embedding-3-large,0.6561356843656327,0.23076923076923078
rai,25,text-embedding-3-small,0.6686299263712472,0.3285859613428281
rai,25,text-embedding-ada-002,0.6686299263712472,0.3285859613428281
rai,25,tfidf-char35,0.6733517271073759,0.3140990745781165
rai,25,xlm-roberta-base,0.5611461664502055,0.10403185664509706
rai,25,xlm-roberta-large,0.41417875441692764,-0.0011123470522803117
rai,20,EmbeddingGemma-Scandi-300m,0.7027416147065056,0.1875522477954398
rai,20,LaBSE,0.7098320158076548,0.21440098964146825
rai,20,M2V_base_glove,0.5383099914048368,0.010609712180392809
rai,20,M2V_base_glove_subword,0.5383099914048368,0.010609712180392809
rai,20,M2V_base_output,0.5383099914048368,0.010609712180392809
rai,20,Qwen3-Embedding-0.6B,0.6315511769885026,0.08593590528679323
rai,20,Qwen3-Embedding-Scandi-0.6B,0.6645505793624569,0.12197757665811158
rai,20,bge-m3,0.7656611670949766,0.32704860824038595
rai,20,dfm-sentence-encoder-large,0.6188082018977016,0.07927867460580713
rai,20,jaccard-binary,0.5126774545859891,-0.010554308983628354
rai,20,m2v-dfm-large,0.7083718575233434,0.19911012235817577
rai,20,mmBERTscandi-base-embedding,0.6433174163334248,0.12339697919635224
rai,20,model2vecdk,0.6564109580888808,0.11007868564852244
rai,20,model2vecdk-stem,0.6570982632055269,0.11012235817575083
rai,20,multilingual-e5-base,0.764967170011394,0.33066331857326614
rai,20,multilingual-e5-large,0.7200695034133281,0.23452740546474987
rai,20,multilingual-e5-large-instruct,0.6912958814690534,0.175422138836773
rai,20,multilingual-e5-small,0.764967170011394,0.33066331857326614
rai,20,mxbai-embed-large-v1,0.6192691429172585,0.0295541636747549
rai,20,nb-sbert-base,0.7534302375302715,0.30088141025641024
rai,20,paraphrase-multilingual-MiniLM-L12-v2,0.6454584919309669,0.0991101414458363
rai,20,paraphrase-multilingual-mpnet-base-v2,0.7490722713241305,0.2650258099423572
rai,20,potion-base-2M,0.5861814116732293,0.026678650503101912
rai,20,potion-base-4M,0.5861814116732293,0.026678650503101912
rai,20,potion-base-8M,0.5861814116732293,0.026678650503101912
rai,20,potion-multilingual-128M,0.7637922703348308,0.3514009256560285
rai,20,snowflake-arctic-embed-l-v2.0,0.7197286927142255,0.22915696320447135
rai,20,static-similarity-mrl-multilingual-v1,0.5383099914048368,0.010609712180392809
rai,20,text-embedding-3-large,0.7118089455289658,0.2330265439509137
rai,20,text-embedding-3-small,0.6697334814615461,0.1336534613845538
rai,20,text-embedding-ada-002,0.6697334814615461,0.1336534613845538
rai,20,tfidf-char35,0.6645505793624567,0.12197757665811158
rai,20,xlm-roberta-base,0.6447322543758186,0.10180668251905964
rai,20,xlm-roberta-large,0.6315511769885026,0.08593590528679323
rai,3,EmbeddingGemma-Scandi-300m,0.736660299578302,0.3462009122260541
rai,3,LaBSE,0.6436782689134175,0.1170849789782138
rai,3,M2V_base_glove,0.7354690775598451,0.3112423277134644
rai,3,M2V_base_glove_subword,0.6076399764167453,0.08
rai,3,M2V_base_output,0.6962549880481671,0.23015873015873015
rai,3,Qwen3-Embedding-0.6B,0.7327080486287871,0.30857434068034145
rai,3,Qwen3-Embedding-Scandi-0.6B,0.7186017926546032,0.26677049727444657
rai,3,bge-m3,0.7545682918672345,0.3494694960212201
rai,3,dfm-sentence-encoder-large,0.6278121413600875,0.09339192346200913
rai,3,jaccard-binary,0.627348676977286,0.1376470588235294
rai,3,m2v-dfm-large,0.809391443949119,0.440149071086884
rai,3,mmBERTscandi-base-embedding,0.7186017926546032,0.26677049727444657
rai,3,model2vecdk,0.6436782689134175,0.1170849789782138
rai,3,model2vecdk-stem,0.6662740863905476,0.14986737400530503
rai,3,multilingual-e5-base,0.6436782689134175,0.1170849789782138
rai,3,multilingual-e5-large,0.7100534020095497,0.253315649867374
rai,3,multilingual-e5-large-instruct,0.7816662564452677,0.43530982311714317
rai,3,multilingual-e5-small,0.6735958357876375,0.17766158638335744
rai,3,mxbai-embed-large-v1,0.6278121413600876,0.09339192346200913
rai,3,nb-sbert-base,0.6735958357876376,0.17766158638335744
rai,3,paraphrase-multilingual-MiniLM-L12-v2,0.6735958357876375,0.17766158638335744
rai,3,paraphrase-multilingual-mpnet-base-v2,0.6735958357876375,0.17766158638335744
rai,3,potion-base-2M,0.4815265882479579,-0.12065884546655271
rai,3,potion-base-4M,0.4815265882479579,-0.12065884546655271
rai,3,potion-base-8M,0.4815265882479579,-0.12065884546655271
rai,3,potion-multilingual-128M,0.7538327176285521,0.356763925729443
rai,3,snowflake-arctic-embed-l-v2.0,0.6735958357876375,0.17766158638335744
rai,3,static-similarity-mrl-multilingual-v1,0.6699919353555454,0.16906223292673453
rai,3,text-embedding-3-large,0.6735958357876375,0.17766158638335744
rai,3,text-embedding-3-small,0.6662740863905474,0.14986737400530503
rai,3,text-embedding-ada-002,0.6735958357876375,0.17766158638335744
rai,3,tfidf-char35,0.7538327176285521,0.356763925729443
rai,3,xlm-roberta-base,0.6962549880481671,0.23015873015873015
rai,3,xlm-roberta-large,0.50899104741648,-0.0388235294117647
rai,12,EmbeddingGemma-Scandi-300m,0.6570561899083385,0.1604041222788328
rai,12,LaBSE,0.6670620342460389,0.15692067736355075
rai,12,M2V_base_glove,0.5174547449128353,0.023033387849696434
rai,12,M2V_base_glove_subword,0.543934841918785,0.03904753761077117
rai,12,M2V_base_output,0.543934841918785,0.03904753761077117
rai,12,Qwen3-Embedding-0.6B,0.6013854657861619,0.058041917554423346
rai,12,Qwen3-Embedding-Scandi-0.6B,0.653027250551165,0.13965869697992286
rai,12,bge-m3,0.5558433185821393,0.0035858375402187358
rai,12,dfm-sentence-encoder-large,0.637989170777383,0.15759002026011526
rai,12,jaccard-binary,0.4844333742645244,-0.0032216611981973915
rai,12,m2v-dfm-large,0.6339388628328845,0.10310636630500553
rai,12,mmBERTscandi-base-embedding,0.5992000739011195,0.060791384628378076
rai,12,model2vecdk,0.7029235586104534,0.23737199084515279
rai,12,model2vecdk-stem,0.5686946392549421,0.026187454764947524
rai,12,multilingual-e5-base,0.5411755080268363,-0.024591216769042093
rai,12,multilingual-e5-large,0.5834001907972071,0.01694548210708679
rai,12,multilingual-e5-large-instruct,0.6090896003794033,0.058041917554423346
rai,12,multilingual-e5-small,0.5735501037250739,0.006860815192218622
rai,12,mxbai-embed-large-v1,0.6276328822508956,0.10458349242433573
rai,12,nb-sbert-base,0.5638935886904612,0.0035858375402187358
rai,12,paraphrase-multilingual-MiniLM-L12-v2,0.5507483446894335,0.02140250522141069
rai,12,paraphrase-multilingual-mpnet-base-v2,0.5941136514551398,0.04662818419668413
rai,12,potion-base-2M,0.543934841918785,0.03904753761077117
rai,12,potion-base-4M,0.5390590923236893,-0.016797901871802596
rai,12,potion-base-8M,0.5390590923236893,-0.016797901871802596
rai,12,potion-multilingual-128M,0.5819364895124941,0.05858977043388294
rai,12,snowflake-arctic-embed-l-v2.0,0.601385465786162,0.058041917554423346
rai,12,static-similarity-mrl-multilingual-v1,0.5743064151954343,0.07039442014607947
rai,12,text-embedding-3-large,0.5359162870318366,-0.045523714537493085
rai,12,text-embedding-3-small,0.5493897458425072,-0.008438183197251595
rai,12,text-embedding-ada-002,0.5411755080268363,-0.024591216769042093
rai,12,tfidf-char35,0.6683938637365536,0.18776447962726078
rai,12,xlm-roberta-base,0.6319526883262387,0.14484728835210778
rai,12,xlm-roberta-large,0.49439889680353566,-0.05678810396764721
rai,4,EmbeddingGemma-Scandi-300m,0.49983448373470535,0.07531617702437302
rai,4,LaBSE,0.4241440351471803,-0.00935693131412467
rai,4,M2V_base_glove,0.3763918072182758,-0.014199026881024179
rai,4,M2V_base_glove_subword,0.3763918072182758,-0.014199026881024179
rai,4,M2V_base_output,0.3763918072182758,-0.014199026881024179
rai,4,Qwen3-Embedding-0.6B,0.5310884749914462,0.14315569487983282
rai,4,Qwen3-Embedding-Scandi-0.6B,0.5749662356168772,0.19904649576771755
rai,4,bge-m3,0.44507273152058646,0.010203855036418547
rai,4,dfm-sentence-encoder-large,0.48063965756503313,0.059567414378525786
rai,4,jaccard-binary,0.335855935275826,-0.06491453126814693
rai,4,m2v-dfm-large,0.5113229110434889,0.1676037427274749
rai,4,mmBERTscandi-base-embedding,0.5244840860696417,0.10338796863570658
rai,4,model2vecdk,0.5535498577943171,0.15598169400393158
rai,4,model2vecdk-stem,0.4988166508370578,0.06863959119726347
rai,4,multilingual-e5-base,0.3691773829588508,-0.052558332016654816
rai,4,multilingual-e5-large,0.4527083969015387,0.012462829537337853
rai,4,multilingual-e5-large-instruct,0.514226472343375,0.08766831648549739
rai,4,multilingual-e5-small,0.4452956673523883,0.020841515622889998
rai,4,mxbai-embed-large-v1,0.5133278870900995,0.09264386739504601
rai,4,nb-sbert-base,0.5052390902450559,0.06271906447520118
rai,4,paraphrase-multilingual-MiniLM-L12-v2,0.3837274356428477,-0.03644391229514331
rai,4,paraphrase-multilingual-mpnet-base-v2,0.5491291325907636,0.13970326983164913
rai,4,potion-base-2M,0.5244840860696417,0.10338796863570658
rai,4,potion-base-4M,0.5244840860696417,0.10338796863570658
rai,4,potion-base-8M,0.5244840860696417,0.10338796863570658
rai,4,potion-multilingual-128M,0.44224071991547337,-0.009852293299974356
rai,4,snowflake-arctic-embed-l-v2.0,0.46624952664014785,0.03989842517216515
rai,4,static-similarity-mrl-multilingual-v1,0.5507764375684316,0.1247435331574546
rai,4,text-embedding-3-large,0.5419440168295913,0.13467198167579475
rai,4,text-embedding-3-small,0.4719357379794695,0.05061955942440931
rai,4,text-embedding-ada-002,0.4415875846737779,0.0012796262072081975
rai,4,tfidf-char35,0.5519599194231871,0.1504244040838933
rai,4,xlm-roberta-base,0.4101241162665457,0.006771557185736476
rai,4,xlm-roberta-large,0.39616264171803917,-0.028291777101534635
rai,29,EmbeddingGemma-Scandi-300m,0.8016553291962463,0.45382770327241895
rai,29,LaBSE,0.7644471403416886,0.3766444810748608
rai,29,M2V_base_glove,0.45557704625540624,-0.04975244161698183
rai,29,M2V_base_glove_subword,0.5530622581238609,0.02648558368495077
rai,29,M2V_base_output,0.5530622581238609,0.02648558368495077
rai,29,Qwen3-Embedding-0.6B,0.5614194312171543,0.049378674903709785
rai,29,Qwen3-Embedding-Scandi-0.6B,0.6390288524752539,0.12120365201901001
rai,29,bge-m3,0.7081407555571402,0.2727518945873376
rai,29,dfm-sentence-encoder-large,0.6411396741583547,0.14389891912505037
rai,29,jaccard-binary,0.49375439133094023,-0.045508087201125175
rai,29,m2v-dfm-large,0.7141035153634334,0.33719225519437845
rai,29,mmBERTscandi-base-embedding,0.6436564825819763,0.13882672944869046
rai,29,model2vecdk,0.6867363449695362,0.22557697529188164
rai,29,model2vecdk-stem,0.6390288524752539,0.12120365201901001
rai,29,multilingual-e5-base,0.7217232146861536,0.2957235101500227
rai,29,multilingual-e5-large,0.7081407555571402,0.2727518945873376
rai,29,multilingual-e5-large-instruct,0.7262772479963839,0.34389451072523874
rai,29,multilingual-e5-small,0.6409091982097772,0.12086352750909712
rai,29,mxbai-embed-large-v1,0.6105050127776558,0.11370593566771967
rai,29,nb-sbert-base,0.6789667365985685,0.18737328094233385
rai,29,paraphrase-multilingual-MiniLM-L12-v2,0.7770860942768252,0.3791202823784958
rai,29,paraphrase-multilingual-mpnet-base-v2,0.7770860942768252,0.3791202823784958
rai,29,potion-base-2M,0.5910496388752522,0.0820889144389063
rai,29,potion-base-4M,0.6037375714525504,0.0904106323380416
rai,29,potion-base-8M,0.6037375714525504,0.0904106323380416
rai,29,potion-multilingual-128M,0.5953888853464612,0.09468227063259885
rai,29,snowflake-arctic-embed-l-v2.0,0.7081407555571402,0.2727518945873376
rai,29,static-similarity-mrl-multilingual-v1,0.5910496388752522,0.0820889144389063
rai,29,text-embedding-3-large,0.7441728225459298,0.354319775443004
rai,29,text-embedding-3-small,0.5813507653025539,0.06970405569251878
rai,29,text-embedding-ada-002,0.7081407555571402,0.2727518945873376
rai,29,tfidf-char35,0.6750558790039685,0.20749117975483022
rai,29,xlm-roberta-base,0.6093933055440012,0.07780832536188079
rai,29,xlm-roberta-large,0.5091137549666307,-0.03651604977991868
rai,7,EmbeddingGemma-Scandi-300m,0.7523427939029064,0.2152917505030181
rai,7,LaBSE,0.6816913425178486,0.04158790170132325
rai,7,M2V_base_glove,0.6255975519928133,-0.018867924528301883
rai,7,M2V_base_glove_subword,0.5547943746436504,-0.07301587301587302
rai,7,M2V_base_output,0.5861398506542489,-0.031746031746031744
rai,7,Qwen3-Embedding-0.6B,0.6017293577728695,-0.04331210191082802
rai,7,Qwen3-Embedding-Scandi-0.6B,0.6957670341262344,0.05835010060362173
rai,7,bge-m3,0.7102845140864147,0.11531190926275993
rai,7,dfm-sentence-encoder-large,0.5861398506542489,-0.031746031746031744
rai,7,jaccard-binary,0.5861398506542489,-0.031746031746031744
rai,7,m2v-dfm-large,0.7523427939029064,0.2152917505030181
rai,7,mmBERTscandi-base-embedding,0.6703677481365482,0.0502283105022831
rai,7,model2vecdk,0.7011816891912446,0.0962566844919786
rai,7,model2vecdk-stem,0.7240549140145704,0.13682092555331993
rai,7,multilingual-e5-base,0.6723867067296335,0.026737967914438502
rai,7,multilingual-e5-large,0.6114114845018601,-0.0684931506849315
rai,7,multilingual-e5-large-instruct,0.7451331510935212,0.21079258010118043
rai,7,multilingual-e5-small,0.6674791542378985,-0.020120724346076455
rai,7,mxbai-embed-large-v1,0.628687634760617,-0.05227655986509275
rai,7,nb-sbert-base,0.6408896163192043,-0.0091324200913242
rai,7,paraphrase-multilingual-MiniLM-L12-v2,0.6320568475800361,0.006369426751592359
rai,7,paraphrase-multilingual-mpnet-base-v2,0.6320568475800361,0.006369426751592359
rai,7,potion-base-2M,0.6245049993807161,-0.10586011342155009
rai,7,potion-base-4M,0.6245049993807161,-0.10586011342155009
rai,7,potion-base-8M,0.6530981709492822,-0.03213610586011342
rai,7,potion-multilingual-128M,0.7523427939029064,0.2152917505030181
rai,7,snowflake-arctic-embed-l-v2.0,0.7875666365760783,0.3048128342245989
rai,7,static-similarity-mrl-multilingual-v1,0.5547943746436504,-0.07301587301587302
rai,7,text-embedding-3-large,0.7523427939029064,0.2152917505030181
rai,7,text-embedding-3-small,0.7011816891912446,0.0962566844919786
rai,7,text-embedding-ada-002,0.6530981709492825,-0.03213610586011342
rai,7,tfidf-char35,0.7523427939029063,0.2152917505030181
rai,7,xlm-roberta-base,0.6286876347606172,-0.05227655986509275
rai,7,xlm-roberta-large,0.628687634760617,-0.05227655986509275
rai,22,EmbeddingGemma-Scandi-300m,0.5390014790596731,-0.017793594306049824
rai,22,LaBSE,0.647505900024762,0.16725978647686834
rai,22,M2V_base_glove,0.50982541854248,0.029980013324450366
rai,22,M2V_base_glove_subword,0.5216335432541269,0.05997130559540889
rai,22,M2V_base_output,0.5216335432541269,0.05997130559540889
rai,22,Qwen3-Embedding-0.6B,0.6291313514513268,0.16725978647686832
rai,22,Qwen3-Embedding-Scandi-0.6B,0.5991188562259342,0.08904109589041095
rai,22,bge-m3,0.5709738783469087,0.05536332179930796
rai,22,dfm-sentence-encoder-large,0.6455235850355384,0.181545636242505
rai,22,jaccard-binary,0.5469672806765569,0.0599713055954089
rai,22,m2v-dfm-large,0.7753429126824505,0.398576512455516
rai,22,mmBERTscandi-base-embedding,0.5860279333784075,0.10857142857142857
rai,22,model2vecdk,0.7770743656711234,0.43124999999999997
rai,22,model2vecdk-stem,0.7202087489715707,0.32784090909090907
rai,22,multilingual-e5-base,0.5855465115730796,0.05467468562055768
rai,22,multilingual-e5-large,0.5925993022162449,0.10609037328094302
rai,22,multilingual-e5-large-instruct,0.6219070202815598,0.1507858546168959
rai,22,multilingual-e5-small,0.5815372871740265,0.061394891944990176
rai,22,mxbai-embed-large-v1,0.6435540162940724,0.19548133595284872
rai,22,nb-sbert-base,0.6915611728690951,0.2761363636363636
rai,22,paraphrase-multilingual-MiniLM-L12-v2,0.5815372871740268,0.061394891944990176
rai,22,paraphrase-multilingual-mpnet-base-v2,0.565638773219728,0.048931116389548696
rai,22,potion-base-2M,0.5216335432541269,0.05997130559540889
rai,22,potion-base-4M,0.5003125167715596,0.0062998740025199465
rai,22,potion-base-8M,0.5003125167715596,0.0062998740025199465
rai,22,potion-multilingual-128M,0.5544800785955343,0.04102371095220173
rai,22,snowflake-arctic-embed-l-v2.0,0.5815372871740266,0.061394891944990176
rai,22,static-similarity-mrl-multilingual-v1,0.5216335432541269,0.05997130559540889
rai,22,text-embedding-3-large,0.6313889179771723,0.13408304498269896
rai,22,text-embedding-3-small,0.5551219871990244,0.037258509659613616
rai,22,text-embedding-ada-002,0.5923229773297016,0.12095758084838303
rai,22,tfidf-char35,0.6680456600425774,0.2328767123287671
rai,22,xlm-roberta-base,0.6468188242156552,0.14801604993312528
rai,22,xlm-roberta-large,0.628673206891581,0.14377117049303728
welfare,10,EmbeddingGemma-Scandi-300m,0.7902736853200708,0.3656609195402299
welfare,10,LaBSE,0.6920041591172212,0.1664254542215889
welfare,10,M2V_base_glove,0.559299547273267,-0.015108471074380167
welfare,10,M2V_base_glove_subword,0.5862445198755393,0.036371003800581274
welfare,10,M2V_base_output,0.4821677636592956,-0.03951719576719576
welfare,10,Qwen3-Embedding-0.6B,0.64764750321912,0.09184984299172139
welfare,10,Qwen3-Embedding-Scandi-0.6B,0.7221974897451577,0.2320402298850575
welfare,10,bge-m3,0.7393613235323213,0.26099057950328286
welfare,10,dfm-sentence-encoder-large,0.6526404061066999,0.10680882903105125
welfare,10,jaccard-binary,0.5174751413247898,0.0028108465608465607
welfare,10,m2v-dfm-large,0.7470129455439645,0.28530092592592593
welfare,10,mmBERTscandi-base-embedding,0.6272878332472025,0.0785024154589372
welfare,10,model2vecdk,0.7622027803884794,0.31605138938368366
welfare,10,model2vecdk-stem,0.6710023111362586,0.13217242363688267
welfare,10,multilingual-e5-base,0.7515946040367092,0.2963207391519551
welfare,10,multilingual-e5-large,0.728470603606602,0.253217290876093
welfare,10,multilingual-e5-large-instruct,0.7293068403099093,0.24847384919980203
welfare,10,multilingual-e5-small,0.7221974897451577,0.2320402298850575
welfare,10,mxbai-embed-large-v1,0.698284024012152,0.18911335578002245
welfare,10,nb-sbert-base,0.675685861838181,0.14870689655172414
welfare,10,paraphrase-multilingual-MiniLM-L12-v2,0.6909169592203637,0.15620094191522763
welfare,10,paraphrase-multilingual-mpnet-base-v2,0.7542310653517099,0.31537356321839083
welfare,10,potion-base-2M,0.5338502472131731,-0.044550619834710745
welfare,10,potion-base-4M,0.5338502472131732,-0.044550619834710745
welfare,10,potion-base-8M,0.5338502472131732,-0.044550619834710745
welfare,10,potion-multilingual-128M,0.7070190765831093,0.2006269592476489
welfare,10,snowflake-arctic-embed-l-v2.0,0.7970063681936164,0.3872710773799703
welfare,10,static-similarity-mrl-multilingual-v1,0.5348347550325916,-0.012631334981458589
welfare,10,text-embedding-3-large,0.8167031113070897,0.4499799608122551
welfare,10,text-embedding-3-small,0.6935044133757208,0.17642021124750212
welfare,10,text-embedding-ada-002,0.7970063681936164,0.3872710773799703
welfare,10,tfidf-char35,0.7487534360751255,0.31081893480584255
welfare,10,xlm-roberta-base,0.570628817643682,0.017949380165289255
welfare,10,xlm-roberta-large,0.570628817643682,0.017949380165289255
welfare,7,EmbeddingGemma-Scandi-300m,0.7334184255271651,0.3443876651982379
welfare,7,LaBSE,0.701390837634222,0.26902756115857246
welfare,7,M2V_base_glove,0.48032983106985416,-0.05741090686564977
welfare,7,M2V_base_glove_subword,0.44086524666227067,-0.1381598729229246
welfare,7,M2V_base_output,0.5559152909726153,-0.014435834348915816
welfare,7,Qwen3-Embedding-0.6B,0.7130954760903774,0.3087868449887707
welfare,7,Qwen3-Embedding-Scandi-0.6B,0.6882697773925043,0.2576151667533668
welfare,7,bge-m3,0.7571290519370565,0.40791547185409077
welfare,7,dfm-sentence-encoder-large,0.4466918187316299,-0.09077275459875499
welfare,7,jaccard-binary,0.5156021684631213,-0.024665314926103174
welfare,7,m2v-dfm-large,0.8083935436444085,0.47487007344965104
welfare,7,mmBERTscandi-base-embedding,0.6706651037232132,0.21493602163013972
welfare,7,model2vecdk,0.690145548260341,0.18311172589581992
welfare,7,model2vecdk-stem,0.7050047915031079,0.2060761063318608
welfare,7,multilingual-e5-base,0.6706651037232132,0.21493602163013972
welfare,7,multilingual-e5-large,0.7428609763373422,0.374554129980339
welfare,7,multilingual-e5-large-instruct,0.8172425240544963,0.5402361207987807
welfare,7,multilingual-e5-small,0.7034341632173057,0.28198766519823787
welfare,7,mxbai-embed-large-v1,0.6768228558787943,0.19825443615975955
welfare,7,nb-sbert-base,0.690145548260341,0.18311172589581992
welfare,7,paraphrase-multilingual-MiniLM-L12-v2,0.764694438292687,0.40165638766519823
welfare,7,paraphrase-multilingual-mpnet-base-v2,0.7878077180271013,0.47071740422124053
welfare,7,potion-base-2M,0.5603096927827229,-0.03574975173783515
welfare,7,potion-base-4M,0.5070945589917475,-0.059666088583412547
welfare,7,potion-base-8M,0.6053473099462584,0.058071884927008606
welfare,7,potion-multilingual-128M,0.7018606740243385,0.2430195599972024
welfare,7,snowflake-arctic-embed-l-v2.0,0.8036645471058688,0.5002292490732898
welfare,7,static-similarity-mrl-multilingual-v1,0.4466918187316299,-0.09077275459875499
welfare,7,text-embedding-3-large,0.7166105174768733,0.2919563058589871
welfare,7,text-embedding-3-small,0.7646944382926868,0.40165638766519823
welfare,7,text-embedding-ada-002,0.718597267199671,0.3169758973469742
welfare,7,tfidf-char35,0.701390837634222,0.26902756115857246
welfare,7,xlm-roberta-base,0.523177789546123,-0.06136724229115409
welfare,7,xlm-roberta-large,0.5255371993573501,-0.06864580623424699
rai,26,EmbeddingGemma-Scandi-300m,0.6597658463412491,0.25199761478831245
rai,26,LaBSE,0.5844681825083367,0.09134237972412246
rai,26,M2V_base_glove,0.579807911253047,0.1248202670318384
rai,26,M2V_base_glove_subword,0.563966275650849,0.07817638266068759
rai,26,M2V_base_output,0.5172486419807812,0.04900971599402092
rai,26,Qwen3-Embedding-0.6B,0.5253438109603106,-0.01368515205724508
rai,26,Qwen3-Embedding-Scandi-0.6B,0.5660345364940983,0.024375
rai,26,bge-m3,0.49470803822529064,-0.02998972954467648
rai,26,dfm-sentence-encoder-large,0.5509022947058392,0.033515919205751456
rai,26,jaccard-binary,0.4729472041880111,0.027179487179487177
rai,26,m2v-dfm-large,0.6006327932448028,0.08418179336699877
rai,26,mmBERTscandi-base-embedding,0.5928482942322073,0.0875046904315197
rai,26,model2vecdk,0.5419737272101501,0.02448231920993947
rai,26,model2vecdk-stem,0.5756079797091427,0.047773914993832
rai,26,multilingual-e5-base,0.5236136547724982,0.000445053064019171
rai,26,multilingual-e5-large,0.5676959912879738,0.03918015102481122
rai,26,multilingual-e5-large-instruct,0.5785396509035423,0.08561175283166984
rai,26,multilingual-e5-small,0.5224353431129423,-0.03363238757429629
rai,26,mxbai-embed-large-v1,0.5390393573541481,-0.015625
rai,26,nb-sbert-base,0.536694190065986,0.0175046904315197
rai,26,paraphrase-multilingual-MiniLM-L12-v2,0.5596886438016137,0.042326758780719335
rai,26,paraphrase-multilingual-mpnet-base-v2,0.5106499216975421,-0.025631929046563195
rai,26,potion-base-2M,0.5242085621176611,0.02448231920993947
rai,26,potion-base-4M,0.5172486419807812,0.04900971599402092
rai,26,potion-base-8M,0.5172486419807812,0.04900971599402092
rai,26,potion-multilingual-128M,0.5510830354039976,0.047773914993832
rai,26,snowflake-arctic-embed-l-v2.0,0.5236136547724982,0.000445053064019171
rai,26,static-similarity-mrl-multilingual-v1,0.5612589957326333,0.05508199416382393
rai,26,text-embedding-3-large,0.5253438109603106,-0.01368515205724508
rai,26,text-embedding-3-small,0.5887607393154681,0.07392680097036178
rai,26,text-embedding-ada-002,0.5236136547724982,0.000445053064019171
rai,26,tfidf-char35,0.5916141815273006,0.07125000000000001
rai,26,xlm-roberta-base,0.4357168427750183,-0.1037037037037037
rai,26,xlm-roberta-large,0.5121738180806077,-0.02966740576496674
rai,24,EmbeddingGemma-Scandi-300m,0.6510808181747711,0.12936639674256944
rai,24,LaBSE,0.6442004885977219,0.12356965174129353
rai,24,M2V_base_glove,0.5330591521515048,-0.005316630203494467
rai,24,M2V_base_glove_subword,0.5339509325422529,0.042791168916849275
rai,24,M2V_base_output,0.6062331940029106,0.12405005241090147
rai,24,Qwen3-Embedding-0.6B,0.6102203930157012,0.07719843085975808
rai,24,Qwen3-Embedding-Scandi-0.6B,0.6577924508602477,0.18881004630659023
rai,24,bge-m3,0.6078882276576395,0.05632640334546922
rai,24,dfm-sentence-encoder-large,0.5505129454276274,0.038461538461538464
rai,24,jaccard-binary,0.49477586540227264,-0.01504140402916821
rai,24,m2v-dfm-large,0.6206230158189474,0.07440920398009951
rai,24,mmBERTscandi-base-embedding,0.6725295366121913,0.22033506108848575
rai,24,model2vecdk,0.665734673342931,0.1605976647536117
rai,24,model2vecdk-stem,0.6484640183260554,0.11507224926232697
rai,24,multilingual-e5-base,0.6099039972997742,0.04792014920218277
rai,24,multilingual-e5-large,0.6121224266942686,0.09112895975065183
rai,24,multilingual-e5-large-instruct,0.6743533343972541,0.19440298507462686
rai,24,multilingual-e5-small,0.6861795144497933,0.19528943902739665
rai,24,mxbai-embed-large-v1,0.5357990933309411,-0.043692415946522414
rai,24,nb-sbert-base,0.6512651626029231,0.13566208468605376
rai,24,paraphrase-multilingual-MiniLM-L12-v2,0.613789607605399,0.100104821802935
rai,24,paraphrase-multilingual-mpnet-base-v2,0.6354207302949392,0.0995777621393385
rai,24,potion-base-2M,0.5551043537292464,0.04933548560667205
rai,24,potion-base-4M,0.6165223826820005,0.13827289533684525
rai,24,potion-base-8M,0.5841501842143559,0.09453616352201258
rai,24,potion-multilingual-128M,0.6414662960445966,0.11669776119402984
rai,24,snowflake-arctic-embed-l-v2.0,0.6554727282943681,0.1356937771289914
rai,24,static-similarity-mrl-multilingual-v1,0.5339509325422529,0.042791168916849275
rai,24,text-embedding-3-large,0.6239227766655767,0.11249189126204136
rai,24,text-embedding-3-small,0.5770512829693257,0.02070480008822976
rai,24,text-embedding-ada-002,0.613347918598093,0.06509500351864883
rai,24,tfidf-char35,0.6732427892251421,0.23015691057656154
rai,24,xlm-roberta-base,0.5912751069012467,0.030612244897959183
rai,24,xlm-roberta-large,0.5607592719285761,0.06234911218226013
rai,17,EmbeddingGemma-Scandi-300m,0.7138546120446436,0.27526132404181186
rai,17,LaBSE,0.6831010783790067,0.19823788546255505
rai,17,M2V_base_glove,0.6250533737232891,0.10526315789473684
rai,17,M2V_base_glove_subword,0.5767319512807944,0.08312342569269521
rai,17,M2V_base_output,0.5767319512807944,0.08312342569269521
rai,17,Qwen3-Embedding-0.6B,0.6357198260509027,0.12236286919831224
rai,17,Qwen3-Embedding-Scandi-0.6B,0.6170131172325499,0.08949416342412451
rai,17,bge-m3,0.6544231651449999,0.1513353115727003
rai,17,dfm-sentence-encoder-large,0.5073474875517276,-0.050505050505050504
rai,17,jaccard-binary,0.4795606298239895,-0.04785894206549118
rai,17,m2v-dfm-large,0.6162167897806656,0.057971014492753624
rai,17,mmBERTscandi-base-embedding,0.5724205567233699,0.012658227848101264
rai,17,model2vecdk,0.6361500653754592,0.1393728222996516
rai,17,model2vecdk-stem,0.5655984892389302,0.07418397626112759
rai,17,multilingual-e5-base,0.6361500653754592,0.1393728222996516
rai,17,multilingual-e5-large,0.6361500653754592,0.1393728222996516
rai,17,multilingual-e5-large-instruct,0.6335603693241278,0.10526315789473684
rai,17,multilingual-e5-small,0.6205490528479629,0.08370044052863436
rai,17,mxbai-embed-large-v1,0.5579970273169194,-0.030837004405286344
rai,17,nb-sbert-base,0.6772249662847918,0.21052631578947367
rai,17,paraphrase-multilingual-MiniLM-L12-v2,0.6333374946026531,0.1513353115727003
rai,17,paraphrase-multilingual-mpnet-base-v2,0.7138546120446436,0.27526132404181186
rai,17,potion-base-2M,0.5767319512807944,0.08312342569269521
rai,17,potion-base-4M,0.5866841597812769,0.07418397626112759
rai,17,potion-base-8M,0.552930288199434,0.03703703703703704
rai,17,potion-multilingual-128M,0.6772249662847919,0.21052631578947367
rai,17,snowflake-arctic-embed-l-v2.0,0.6688341390297061,0.18466898954703834
rai,17,static-similarity-mrl-multilingual-v1,0.6253176120091968,0.1486146095717884
rai,17,text-embedding-3-large,0.7138546120446436,0.27526132404181186
rai,17,text-embedding-3-small,0.6652601007479142,0.15789473684210525
rai,17,text-embedding-ada-002,0.7008868951812087,0.2631578947368421
rai,17,tfidf-char35,0.6636300011905836,0.19823788546255505
rai,17,xlm-roberta-base,0.6335603693241278,0.10526315789473684
rai,17,xlm-roberta-large,0.6291228743854462,0.14007782101167315
rai,5,EmbeddingGemma-Scandi-300m,0.7134481640146637,0.2854236311960836
rai,5,LaBSE,0.693938598743091,0.32273035435739994
rai,5,M2V_base_glove,0.44170307410989706,-0.07419127988748242
rai,5,M2V_base_glove_subword,0.4541604777109689,-0.02791815935618569
rai,5,M2V_base_output,0.4541604777109689,-0.02791815935618569
rai,5,Qwen3-Embedding-0.6B,0.6332346312178536,0.18156606443050496
rai,5,Qwen3-Embedding-Scandi-0.6B,0.6484572921498888,0.1921768707482993
rai,5,bge-m3,0.5878575705691858,0.10950747058659659
rai,5,dfm-sentence-encoder-large,0.6484457817262792,0.21533178633830685
rai,5,jaccard-binary,0.449477683530379,-0.01819017599159443
rai,5,m2v-dfm-large,0.5503189857460256,0.01699069485922566
rai,5,mmBERTscandi-base-embedding,0.6504982680853657,0.20955590800951626
rai,5,model2vecdk,0.6642108485846923,0.20988696894894115
rai,5,model2vecdk-stem,0.6262069712419681,0.1267470393683986
rai,5,multilingual-e5-base,0.712634423421717,0.29961340206185566
rai,5,multilingual-e5-large,0.6837704672757372,0.26868556701030927
rai,5,multilingual-e5-large-instruct,0.7105357966213304,0.3243661100803958
rai,5,multilingual-e5-small,0.6605025413511476,0.24308317435681875
rai,5,mxbai-embed-large-v1,0.5199954124223111,-0.04542302357836338
rai,5,nb-sbert-base,0.7317406989033644,0.3933333333333333
rai,5,paraphrase-multilingual-MiniLM-L12-v2,0.6448480450673357,0.242250833418455
rai,5,paraphrase-multilingual-mpnet-base-v2,0.6677056611897063,0.2712095621670781
rai,5,potion-base-2M,0.5168816117349612,-0.004081531414839027
rai,5,potion-base-4M,0.5431672065344979,0.03633417297315174
rai,5,potion-base-8M,0.5431672065344979,0.03633417297315174
rai,5,potion-multilingual-128M,0.6841586722399833,0.26228990269177305
rai,5,snowflake-arctic-embed-l-v2.0,0.7219763429181488,0.358529877030431
rai,5,static-similarity-mrl-multilingual-v1,0.5431577299564534,0.04673869944488501
rai,5,text-embedding-3-large,0.7442177776220147,0.41520857782993703
rai,5,text-embedding-3-small,0.6004524608830162,0.11333333333333334
rai,5,text-embedding-ada-002,0.6633412571521278,0.209164621785981
rai,5,tfidf-char35,0.636382416995499,0.16795583057718982
rai,5,xlm-roberta-base,0.6166747988182605,0.1565201349356947
rai,5,xlm-roberta-large,0.5449193559100192,0.031717991258191996
rai,21,EmbeddingGemma-Scandi-300m,0.7100594530144404,0.22844292803970223
rai,21,LaBSE,0.7127776042051228,0.22401433691756273
rai,21,M2V_base_glove,0.6184284913198685,0.08784284655300223
rai,21,M2V_base_glove_subword,0.5893377565714415,0.08585677402500327
rai,21,M2V_base_output,0.6243938540568612,0.13344125864238437
rai,21,Qwen3-Embedding-0.6B,0.6300442166707891,0.09496191135734072
rai,21,Qwen3-Embedding-Scandi-0.6B,0.6419550745089858,0.11882696926013825
rai,21,bge-m3,0.6858741971495745,0.19587468982630274
rai,21,dfm-sentence-encoder-large,0.5540101259445338,0.02673501321880981
rai,21,jaccard-binary,0.5204768550623096,-0.007957033332479184
rai,21,m2v-dfm-large,0.6784037891698396,0.1795235439888395
rai,21,mmBERTscandi-base-embedding,0.6260176770815604,0.13222462564787807
rai,21,model2vecdk,0.7443935107863426,0.32237539766702017
rai,21,model2vecdk-stem,0.6682932052436863,0.1512358482738854
rai,21,multilingual-e5-base,0.7019663036280148,0.2186880348504583
rai,21,multilingual-e5-large,0.7019663036280148,0.2186880348504583
rai,21,multilingual-e5-large-instruct,0.7524226508535102,0.33807374104459165
rai,21,multilingual-e5-small,0.6667408790191609,0.18048078460636424
rai,21,mxbai-embed-large-v1,0.6158877807098099,0.0894683571276369
rai,21,nb-sbert-base,0.7100594530144404,0.22844292803970223
rai,21,paraphrase-multilingual-MiniLM-L12-v2,0.658357881480522,0.1415702787697884
rai,21,paraphrase-multilingual-mpnet-base-v2,0.658357881480522,0.1415702787697884
rai,21,potion-base-2M,0.5834443089793704,0.0852483540259806
rai,21,potion-base-4M,0.5412089497683911,0.038732770595149055
rai,21,potion-base-8M,0.530159753827345,0.016304996590691054
rai,21,potion-multilingual-128M,0.665955297062705,0.14396654719235363
rai,21,snowflake-arctic-embed-l-v2.0,0.6772840712683481,0.17257085020242913
rai,21,static-similarity-mrl-multilingual-v1,0.612591601904382,0.12089966876803077
rai,21,text-embedding-3-large,0.7019663036280148,0.2186880348504583
rai,21,text-embedding-3-small,0.6599614155369651,0.12985977638694268
rai,21,text-embedding-ada-002,0.6419550745089859,0.11882696926013825
rai,21,tfidf-char35,0.6356605814334952,0.15089813975800864
rai,21,xlm-roberta-base,0.6419550745089858,0.11882696926013825
rai,21,xlm-roberta-large,0.5741061191818924,0.05499116794428621
rai,14,EmbeddingGemma-Scandi-300m,0.6666229407078579,0.13515016685205783
rai,14,LaBSE,0.700590311040483,0.17930928152944803
rai,14,M2V_base_glove,0.6477756598781512,0.09984592711682744
rai,14,M2V_base_glove_subword,0.5559143967007232,0.012833243064331708
rai,14,M2V_base_output,0.5534263201634348,-0.0803030303030303
rai,14,Qwen3-Embedding-0.6B,0.6058087734687825,-0.005978865406006673
rai,14,Qwen3-Embedding-Scandi-0.6B,0.7459224365323246,0.30099639342258083
rai,14,bge-m3,0.655920576403797,0.09696969696969697
rai,14,dfm-sentence-encoder-large,0.5291325297456728,-0.01334476740687248
rai,14,jaccard-binary,0.5360030369387971,-0.00909551846524767
rai,14,m2v-dfm-large,0.5927058812764365,-0.01475001656773363
rai,14,mmBERTscandi-base-embedding,0.686081211987053,0.16101228681459745
rai,14,model2vecdk,0.6058087734687825,-0.005978865406006673
rai,14,model2vecdk-stem,0.5775686080799627,-0.030303030303030304
rai,14,multilingual-e5-base,0.6440046101211245,0.052391235884284876
rai,14,multilingual-e5-large,0.6693396484708948,0.10120574076573537
rai,14,multilingual-e5-large-instruct,0.6539455415457132,0.10454545454545455
rai,14,multilingual-e5-small,0.6685411068021332,0.10874747845222812
rai,14,mxbai-embed-large-v1,0.6424306377298936,0.08539009912238349
rai,14,nb-sbert-base,0.6682596587889109,0.13078568926505535
rai,14,paraphrase-multilingual-MiniLM-L12-v2,0.6443639233944711,0.07604116371761009
rai,14,paraphrase-multilingual-mpnet-base-v2,0.6253426029983353,0.059929047659809206
rai,14,potion-base-2M,0.5695028919428933,-0.017794504530838938
rai,14,potion-base-4M,0.5795436429380463,-0.03787878787878788
rai,14,potion-base-8M,0.5688101458819965,-0.06949454211517889
rai,14,potion-multilingual-128M,0.5429811248229792,-0.11489013225785073
rai,14,snowflake-arctic-embed-l-v2.0,0.6100575175040823,0.021028180206614094
rai,14,static-similarity-mrl-multilingual-v1,0.618291562916755,0.08021267715910776
rai,14,text-embedding-3-large,0.6473053690488451,0.10454545454545455
rai,14,text-embedding-3-small,0.6477756598781512,0.09984592711682744
rai,14,text-embedding-ada-002,0.6231937296670964,0.06343624275972265
rai,14,tfidf-char35,0.629490912640073,0.05149239896180942
rai,14,xlm-roberta-base,0.5483204617516788,-0.0342789598108747
rai,14,xlm-roberta-large,0.5559143967007234,0.012833243064331708
rai,19,EmbeddingGemma-Scandi-300m,0.8625593835819956,0.5828877005347594
rai,19,LaBSE,0.6723867067296333,0.026737967914438502
rai,19,M2V_base_glove,0.5410743781585359,-0.14267515923566879
rai,19,M2V_base_glove_subword,0.6174853266648473,0.009523809523809525
rai,19,M2V_base_output,0.6017293577728693,-0.04331210191082802
rai,19,Qwen3-Embedding-0.6B,0.716021772010295,0.14502529510961215
rai,19,Qwen3-Embedding-Scandi-0.6B,0.6408896163192043,-0.0091324200913242
rai,19,bge-m3,0.716021772010295,0.14502529510961215
rai,19,dfm-sentence-encoder-large,0.7160217720102952,0.14502529510961215
rai,19,jaccard-binary,0.6174853266648473,0.009523809523809525
rai,19,m2v-dfm-large,0.86549431345625,0.5291750503018109
rai,19,mmBERTscandi-base-embedding,0.5659779404897175,-0.1320754716981132
rai,19,model2vecdk,0.6174853266648473,0.009523809523809525
rai,19,model2vecdk-stem,0.8302727206699841,0.5291750503018109
rai,19,multilingual-e5-base,0.86549431345625,0.5291750503018109
rai,19,multilingual-e5-large,0.7299766716528558,0.1657754010695187
rai,19,multilingual-e5-large-instruct,0.8451566014993006,0.44385026737967914
rai,19,multilingual-e5-small,0.7299766716528558,0.1657754010695187
rai,19,mxbai-embed-large-v1,0.614796741806411,-0.11229946524064172
rai,19,nb-sbert-base,0.6801762786860444,0.09206349206349207
rai,19,paraphrase-multilingual-MiniLM-L12-v2,0.6623843373872027,0.05605095541401274
rai,19,paraphrase-multilingual-mpnet-base-v2,0.8177584072232689,0.3470319634703196
rai,19,potion-base-2M,0.6408896163192042,-0.0091324200913242
rai,19,potion-base-4M,0.6408896163192042,-0.0091324200913242
rai,19,potion-base-8M,0.716021772010295,0.14502529510961215
rai,19,potion-multilingual-128M,0.7379975882509653,0.2765598650927487
rai,19,snowflake-arctic-embed-l-v2.0,0.716021772010295,0.14502529510961215
rai,19,static-similarity-mrl-multilingual-v1,0.6174853266648473,0.009523809523809525
rai,19,text-embedding-3-large,0.6923221097373048,0.1095890410958904
rai,19,text-embedding-3-small,0.6623843373872027,0.05605095541401274
rai,19,text-embedding-ada-002,0.7448367749990049,0.20754716981132076
rai,19,tfidf-char35,0.7523427939029065,0.2152917505030181
rai,19,xlm-roberta-base,0.6408896163192042,-0.0091324200913242
rai,19,xlm-roberta-large,0.6174853266648473,0.009523809523809525
rai,1,EmbeddingGemma-Scandi-300m,0.6870132281578494,0.21355292133466852
rai,1,LaBSE,0.638437031155227,0.15196943825427606
rai,1,M2V_base_glove,0.4508550184743019,-0.06011295235177434
rai,1,M2V_base_glove_subword,0.4636289020265816,-0.030767579891277725
rai,1,M2V_base_output,0.4636289020265816,-0.030767579891277725
rai,1,Qwen3-Embedding-0.6B,0.57966311207691,0.13764925906623438
rai,1,Qwen3-Embedding-Scandi-0.6B,0.6465118289734126,0.14638124762181884
rai,1,bge-m3,0.7158688432095073,0.30406994580222924
rai,1,dfm-sentence-encoder-large,0.5646112095222531,0.0747547070797023
rai,1,jaccard-binary,0.57966311207691,0.13764925906623438
rai,1,m2v-dfm-large,0.6115926825730901,0.12280119482243611
rai,1,mmBERTscandi-base-embedding,0.5920583383418396,0.09061693010033212
rai,1,model2vecdk,0.5494835866351242,0.04302349802116706
rai,1,model2vecdk-stem,0.5515856336345576,0.012740870376454928
rai,1,multilingual-e5-base,0.6465118289734126,0.14638124762181884
rai,1,multilingual-e5-large,0.6299508618804706,0.14037983750027977
rai,1,multilingual-e5-large-instruct,0.7118924214626059,0.27499782942146844
rai,1,multilingual-e5-small,0.6178778442338768,0.1172921566622354
rai,1,mxbai-embed-large-v1,0.5866257478570047,0.06479844215144258
rai,1,nb-sbert-base,0.6299508618804706,0.14037983750027977
rai,1,paraphrase-multilingual-MiniLM-L12-v2,0.515069736631931,0.0005793026440305774
rai,1,paraphrase-multilingual-mpnet-base-v2,0.6299508618804706,0.14037983750027977
rai,1,potion-base-2M,0.4393943991733482,-0.06256559697220279
rai,1,potion-base-4M,0.4393943991733482,-0.06256559697220279
rai,1,potion-base-8M,0.4393943991733482,-0.06256559697220279
rai,1,potion-multilingual-128M,0.5121275162760532,-0.028268593345942547
rai,1,snowflake-arctic-embed-l-v2.0,0.5813924422619912,0.08512529120734591
rai,1,static-similarity-mrl-multilingual-v1,0.465444105287088,-0.01820972138307636
rai,1,text-embedding-3-large,0.6299508618804706,0.14037983750027977
rai,1,text-embedding-3-small,0.5520667423876705,0.04802785949108012
rai,1,text-embedding-ada-002,0.6104597294966021,0.10285988617656422
rai,1,tfidf-char35,0.6841538002558586,0.23903244937727697
rai,1,xlm-roberta-base,0.5818266834759112,0.07808822593982571
rai,1,xlm-roberta-large,0.5521727500794505,0.042091390496787735
welfare,27,EmbeddingGemma-Scandi-300m,0.7935591904785171,0.4172825116555897
welfare,27,LaBSE,0.7117784064655333,0.2533946129771557
welfare,27,M2V_base_glove,0.5427640426954881,-0.0028815675044017025
welfare,27,M2V_base_glove_subword,0.6127250550615623,0.07536508599471949
welfare,27,M2V_base_output,0.5346374596895324,-0.04142644597359122
welfare,27,Qwen3-Embedding-0.6B,0.5974428240794456,0.019824033856776925
welfare,27,Qwen3-Embedding-Scandi-0.6B,0.7052093548570975,0.21304710860366713
welfare,27,bge-m3,0.7786073815754133,0.38546121297602254
welfare,27,dfm-sentence-encoder-large,0.6127250550615623,0.07536508599471949
welfare,27,jaccard-binary,0.5332016559780957,-0.030104863215831838
welfare,27,m2v-dfm-large,0.6752250925472383,0.15064710860366715
welfare,27,mmBERTscandi-base-embedding,0.7559019865060522,0.3683439142942168
welfare,27,model2vecdk,0.7149016841930487,0.23680934431108025
welfare,27,model2vecdk-stem,0.7097448820044391,0.2726163779294709
welfare,27,multilingual-e5-base,0.6538601711805616,0.11368911814304136
welfare,27,multilingual-e5-large,0.7559019865060521,0.3683439142942168
welfare,27,multilingual-e5-large-instruct,0.7899247540150651,0.44786121297602255
welfare,27,multilingual-e5-small,0.6986348984050958,0.2030976613519308
welfare,27,mxbai-embed-large-v1,0.5806721983741814,-0.014374047954866007
welfare,27,nb-sbert-base,0.7801407506565731,0.37806826516220027
welfare,27,paraphrase-multilingual-MiniLM-L12-v2,0.7801407506565732,0.37806826516220027
welfare,27,paraphrase-multilingual-mpnet-base-v2,0.6538099362501819,0.1482621150133469
welfare,27,potion-base-2M,0.6214720203939097,0.09926714013897504
welfare,27,potion-base-4M,0.5346374596895324,-0.04142644597359122
welfare,27,potion-base-8M,0.6127250550615623,0.07536508599471949
welfare,27,potion-multilingual-128M,0.7149016841930484,0.23680934431108025
welfare,27,snowflake-arctic-embed-l-v2.0,0.828748435095638,0.5488170816387263
welfare,27,static-similarity-mrl-multilingual-v1,0.5427640426954881,-0.0028815675044017025
welfare,27,text-embedding-3-large,0.6137231988463601,0.03324005641748942
welfare,27,text-embedding-3-small,0.684194139007289,0.15561120600052275
welfare,27,text-embedding-ada-002,0.7564721200171123,0.3599295704791191
welfare,27,tfidf-char35,0.6836256714275268,0.17945640313460964
welfare,27,xlm-roberta-base,0.5850700145534289,0.013271506236008958
welfare,27,xlm-roberta-large,0.6338675369555469,0.08568873984921682
rai,6,EmbeddingGemma-Scandi-300m,0.5778468592924102,0.09972371227741587
rai,6,LaBSE,0.6201945008885155,0.18115876549497673
rai,6,M2V_base_glove,0.5493357343118654,0.11458042324941844
rai,6,M2V_base_glove_subword,0.5493357343118654,0.11458042324941844
rai,6,M2V_base_output,0.5474216253085675,0.13309419784778065
rai,6,Qwen3-Embedding-0.6B,0.5559936853518441,0.08950750741795518
rai,6,Qwen3-Embedding-Scandi-0.6B,0.6095406700784151,0.1923530486488282
rai,6,bge-m3,0.6468447884048962,0.22513993389472986
rai,6,dfm-sentence-encoder-large,0.5327411336321282,0.0833609119323405
rai,6,jaccard-binary,0.47724116263971705,0.030991278921510296
rai,6,m2v-dfm-large,0.6665925067676993,0.3132100814036506
rai,6,mmBERTscandi-base-embedding,0.5595749589445709,0.13567297675922269
rai,6,model2vecdk,0.7190917952166818,0.40698174642328566
rai,6,model2vecdk-stem,0.6763742003838935,0.2828393801977551
rai,6,multilingual-e5-base,0.6010992068490401,0.13677884615384617
rai,6,multilingual-e5-large,0.6082579028644243,0.14943463246176616
rai,6,multilingual-e5-large-instruct,0.652698299114741,0.24444113928757344
rai,6,multilingual-e5-small,0.5941640787119584,0.14943463246176616
rai,6,mxbai-embed-large-v1,0.5092636107146387,0.09860414690337443
rai,6,nb-sbert-base,0.6108257624297722,0.16487743811594724
rai,6,paraphrase-multilingual-MiniLM-L12-v2,0.5778468592924102,0.09972371227741587
rai,6,paraphrase-multilingual-mpnet-base-v2,0.6320862779587897,0.22680087033069246
rai,6,potion-base-2M,0.5493357343118653,0.11458042324941844
rai,6,potion-base-4M,0.5493357343118653,0.11458042324941844
rai,6,potion-base-8M,0.5984186785449357,0.17106610984162005
rai,6,potion-multilingual-128M,0.5872049005410386,0.13533653846153845
rai,6,snowflake-arctic-embed-l-v2.0,0.5778468592924102,0.09972371227741587
rai,6,static-similarity-mrl-multilingual-v1,0.5209000190247641,0.11604304438739949
rai,6,text-embedding-3-large,0.5975720813132769,0.1457037161594081
rai,6,text-embedding-3-small,0.5778468592924102,0.09972371227741587
rai,6,text-embedding-ada-002,0.5975720813132769,0.1457037161594081
rai,6,tfidf-char35,0.6340550219722857,0.21485913737222637
rai,6,xlm-roberta-base,0.5583232060160606,0.10498253355396213
rai,6,xlm-roberta-large,0.4937345960684716,0.05529204499254642
welfare,4,EmbeddingGemma-Scandi-300m,0.7364772194098775,0.5198682681504982
welfare,4,LaBSE,0.7639960931810196,0.560948080357071
welfare,4,M2V_base_glove,0.4740528003999034,0.0367965367965368
welfare,4,M2V_base_glove_subword,0.4778921391517475,0.03192109787552302
welfare,4,M2V_base_output,0.4983737803018172,0.0838619316432915
welfare,4,Qwen3-Embedding-0.6B,0.49846518491007263,0.0874609984399376
welfare,4,Qwen3-Embedding-Scandi-0.6B,0.538847884682903,0.13286587025854346
welfare,4,bge-m3,0.6474459687729011,0.32230553519576743
welfare,4,dfm-sentence-encoder-large,0.7864478023024097,0.5318431487259491
welfare,4,jaccard-binary,0.3441149387249667,-0.05656717843817371
welfare,4,m2v-dfm-large,0.6604760445997216,0.3532485049401976
welfare,4,mmBERTscandi-base-embedding,0.588993015189516,0.26065386882046626
welfare,4,model2vecdk,0.6303569612430199,0.2755178009770461
welfare,4,model2vecdk-stem,0.6390533796703834,0.28191489361702127
welfare,4,multilingual-e5-base,0.6234613957260451,0.2887890506338269
welfare,4,multilingual-e5-large,0.6065312398600379,0.2537453001321044
welfare,4,multilingual-e5-large-instruct,0.7768790661009708,0.5917614554151338
welfare,4,multilingual-e5-small,0.7089583456387356,0.47878845594392555
welfare,4,mxbai-embed-large-v1,0.6617380692306032,0.37607415755628965
welfare,4,nb-sbert-base,0.8125618857058371,0.6102576153017831
welfare,4,paraphrase-multilingual-MiniLM-L12-v2,0.6963855216929008,0.36433957358294333
welfare,4,paraphrase-multilingual-mpnet-base-v2,0.698571518697011,0.43770864373735274
welfare,4,potion-base-2M,0.4160049207577741,-0.015617110164014783
welfare,4,potion-base-4M,0.5689284551972741,0.17457108184112027
welfare,4,potion-base-8M,0.6475129610176522,0.3125975112362356
welfare,4,potion-multilingual-128M,0.7089583456387356,0.47878845594392555
welfare,4,snowflake-arctic-embed-l-v2.0,0.7209298221422047,0.4724796924626984
welfare,4,static-similarity-mrl-multilingual-v1,0.46771147264740753,0.012336908850987392
welfare,4,text-embedding-3-large,0.7715764455272686,0.5453911565728964
welfare,4,text-embedding-3-small,0.7089583456387356,0.47878845594392555
welfare,4,text-embedding-ada-002,0.7768790661009708,0.5917614554151338
welfare,4,tfidf-char35,0.698571518697011,0.43770864373735274
welfare,4,xlm-roberta-base,0.43266149432557177,-0.027004909983633387
welfare,4,xlm-roberta-large,0.46117944133808475,0.02387428480851501
rai,9,EmbeddingGemma-Scandi-300m,0.6960971885705649,0.35742128935532236
rai,9,LaBSE,0.5877649159972872,0.19792613322177824
rai,9,M2V_base_glove,0.4086879527258841,-0.008032750506236652
rai,9,M2V_base_glove_subword,0.4086879527258841,-0.008032750506236652
rai,9,M2V_base_output,0.4086879527258841,-0.008032750506236652
rai,9,Qwen3-Embedding-0.6B,0.5428940818562321,0.0944439916873803
rai,9,Qwen3-Embedding-Scandi-0.6B,0.5650766266444422,0.138473648902797
rai,9,bge-m3,0.6373723974268409,0.2746970630519614
rai,9,dfm-sentence-encoder-large,0.4086879527258841,-0.008032750506236652
rai,9,jaccard-binary,0.38649451610883806,-0.008038144199622134
rai,9,m2v-dfm-large,0.5430903760210832,0.12798377652245796
rai,9,mmBERTscandi-base-embedding,0.6114441994169701,0.2366001663709495
rai,9,model2vecdk,0.6516358829148492,0.27316341829085455
rai,9,model2vecdk-stem,0.6737857737064676,0.33422901179840414
rai,9,multilingual-e5-base,0.4992478657763936,0.06882190760926467
rai,9,multilingual-e5-large,0.46619347610552264,-0.015200895028699285
rai,9,multilingual-e5-large-instruct,0.6373723974268409,0.2746970630519614
rai,9,multilingual-e5-small,0.4370284815873435,-0.03689492183931259
rai,9,mxbai-embed-large-v1,0.5320792005830112,0.1087222060079342
rai,9,nb-sbert-base,0.5771855785129452,0.17393740572275024
rai,9,paraphrase-multilingual-MiniLM-L12-v2,0.5755847430351773,0.15925210007260698
rai,9,paraphrase-multilingual-mpnet-base-v2,0.6067173100966674,0.1988517519437993
rai,9,potion-base-2M,0.42172606211371244,-0.029528326007816588
rai,9,potion-base-4M,0.42172606211371244,-0.029528326007816588
rai,9,potion-base-8M,0.42172606211371244,-0.029528326007816588
rai,9,potion-multilingual-128M,0.5350201990052701,0.06741458091795677
rai,9,snowflake-arctic-embed-l-v2.0,0.5902761024812506,0.1848575712143928
rai,9,static-similarity-mrl-multilingual-v1,0.4086879527258841,-0.008032750506236652
rai,9,text-embedding-3-large,0.6692035647590603,0.3156327355665812
rai,9,text-embedding-3-small,0.5350201990052701,0.06741458091795677
rai,9,text-embedding-ada-002,0.6067173100966674,0.1988517519437993
rai,9,tfidf-char35,0.5610973592862738,0.10760612251516036
rai,9,xlm-roberta-base,0.4546429100699222,0.03749882878903479
rai,9,xlm-roberta-large,0.4216452262095732,-0.036054907689056184
welfare,3,EmbeddingGemma-Scandi-300m,0.6571794603270397,0.19784831034328823
welfare,3,LaBSE,0.6571794603270398,0.19784831034328823
welfare,3,M2V_base_glove,0.5202853265856949,0.02536487964489604
welfare,3,M2V_base_glove_subword,0.5326621581167471,0.02580912863070539
welfare,3,M2V_base_output,0.5326621581167471,0.02580912863070539
welfare,3,Qwen3-Embedding-0.6B,0.5673642351922226,0.06254185081023168
welfare,3,Qwen3-Embedding-Scandi-0.6B,0.578106254753891,0.06267220637118931
welfare,3,bge-m3,0.6321941577715675,0.16417262561628704
welfare,3,dfm-sentence-encoder-large,0.5955801467818937,0.12013306124607737
welfare,3,jaccard-binary,0.5365374351174865,0.025077350939670673
welfare,3,m2v-dfm-large,0.6999962601004697,0.279719655372528
welfare,3,mmBERTscandi-base-embedding,0.5771217125739156,0.08642807200671851
welfare,3,model2vecdk,0.6436526589490383,0.1539353503433595
welfare,3,model2vecdk-stem,0.5984484807302382,0.10347752332485156
welfare,3,multilingual-e5-base,0.6922064537797608,0.27476564060439396
welfare,3,multilingual-e5-large,0.7114977781482947,0.29102673130356743
welfare,3,multilingual-e5-large-instruct,0.7084443132306169,0.2948962470920584
welfare,3,multilingual-e5-small,0.6537419488478095,0.21034775233248515
welfare,3,mxbai-embed-large-v1,0.5930981687503986,0.09124290890514566
welfare,3,nb-sbert-base,0.6321941577715675,0.16417262561628704
welfare,3,paraphrase-multilingual-MiniLM-L12-v2,0.6247017309204859,0.14884163208852005
welfare,3,paraphrase-multilingual-mpnet-base-v2,0.6247017309204859,0.14884163208852005
welfare,3,potion-base-2M,0.5794166979516041,0.13553762408443032
welfare,3,potion-base-4M,0.6111143466013074,0.1744099008892146
welfare,3,potion-base-8M,0.6676145473353468,0.25128342484710503
welfare,3,potion-multilingual-128M,0.6436526589490383,0.1539353503433595
welfare,3,snowflake-arctic-embed-l-v2.0,0.6968930644574172,0.2718741355463347
welfare,3,static-similarity-mrl-multilingual-v1,0.5272828081566754,0.04001533206994583
welfare,3,text-embedding-3-large,0.7114977781482947,0.29102673130356743
welfare,3,text-embedding-3-small,0.7114977781482947,0.29102673130356743
welfare,3,text-embedding-ada-002,0.6942278105145916,0.272308310663209
welfare,3,tfidf-char35,0.7114977781482947,0.29102673130356743
welfare,3,xlm-roberta-base,0.5271438293145904,-0.005049672141695778
welfare,3,xlm-roberta-large,0.5723655957102304,0.07619079673379095
rai,27,EmbeddingGemma-Scandi-300m,0.5213644286420333,0.08282197587218781
rai,27,LaBSE,0.5351928255762459,0.12005050505050506
rai,27,M2V_base_glove,0.41387005528505383,0.022152207417234046
rai,27,M2V_base_glove_subword,0.49228535507078885,0.10410205434062292
rai,27,M2V_base_output,0.3754554310978103,-0.023666210670314637
rai,27,Qwen3-Embedding-0.6B,0.4190222361356415,-0.024869414598500634
rai,27,Qwen3-Embedding-Scandi-0.6B,0.5128807964446855,0.08282197587218781
rai,27,bge-m3,0.5071081721982171,0.0759983612633879
rai,27,dfm-sentence-encoder-large,0.3501795053881006,-0.022797005683656026
rai,27,jaccard-binary,0.3974826432092287,0.014012753569613231
rai,27,m2v-dfm-large,0.4609257308655583,0.01604268991776246
rai,27,mmBERTscandi-base-embedding,0.47913162062738573,0.03820807058377764
rai,27,model2vecdk,0.5613709352291152,0.13044036791531782
rai,27,model2vecdk-stem,0.5643599036046293,0.1626864055860781
rai,27,multilingual-e5-base,0.48934481226061455,0.038974584636609064
rai,27,multilingual-e5-large,0.6042638544591326,0.1865870627832023
rai,27,multilingual-e5-large-instruct,0.6042638544591326,0.1865870627832023
rai,27,multilingual-e5-small,0.5096975735343389,0.0694673739478741
rai,27,mxbai-embed-large-v1,0.4581047292689242,0.03601833152089483
rai,27,nb-sbert-base,0.47767053214157784,0.042073017588456
rai,27,paraphrase-multilingual-MiniLM-L12-v2,0.44958818904259445,0.006389888765595821
rai,27,paraphrase-multilingual-mpnet-base-v2,0.5320465505110675,0.11250831575818483
rai,27,potion-base-2M,0.4415593001492414,0.020300751879699246
rai,27,potion-base-4M,0.4283335829867644,0.02959833622676613
rai,27,potion-base-8M,0.4283335829867644,0.02959833622676613
rai,27,potion-multilingual-128M,0.5107200948565005,0.06890849549378873
rai,27,snowflake-arctic-embed-l-v2.0,0.4495881890425945,0.006389888765595821
rai,27,static-similarity-mrl-multilingual-v1,0.38571827540091824,0.032482325216025135
rai,27,text-embedding-3-large,0.5462487997589189,0.13775050489358398
rai,27,text-embedding-3-small,0.6095961323075034,0.1776245948279523
rai,27,text-embedding-ada-002,0.5010420232039585,0.06832058799043803
rai,27,tfidf-char35,0.48934481226061466,0.038974584636609064
rai,27,xlm-roberta-base,0.3655437063943009,-0.05143638850889193
rai,27,xlm-roberta-large,0.37952098013667973,-0.035202120609675286
rai,16,EmbeddingGemma-Scandi-300m,0.6662967724700417,0.21686267222384453
rai,16,LaBSE,0.6776767768186961,0.2626262626262626
rai,16,M2V_base_glove,0.4583511680224268,0.03368599417332294
rai,16,M2V_base_glove_subword,0.4570818604902421,0.02895930793955935
rai,16,M2V_base_output,0.49215015327230965,0.03369122547204739
rai,16,Qwen3-Embedding-0.6B,0.4985618423157757,-0.05466428995840761
rai,16,Qwen3-Embedding-Scandi-0.6B,0.6098580714358524,0.12339134343063617
rai,16,bge-m3,0.6056118749797862,0.15406976744186046
rai,16,dfm-sentence-encoder-large,0.49388877821160615,0.050642180720717425
rai,16,jaccard-binary,0.5134232428578199,0.02093092310582418
rai,16,m2v-dfm-large,0.6186496671797825,0.1461675579322638
rai,16,mmBERTscandi-base-embedding,0.6098580714358524,0.12339134343063617
rai,16,model2vecdk,0.43472879705812906,-0.0406570616341806
rai,16,model2vecdk-stem,0.6471600689796124,0.17724731934863414
rai,16,multilingual-e5-base,0.559043658471768,0.05249764747982133
rai,16,multilingual-e5-large,0.6056118749797861,0.15406976744186046
rai,16,multilingual-e5-large-instruct,0.6986797963222129,0.32446223376761074
rai,16,multilingual-e5-small,0.5458417008227507,0.05100422832980972
rai,16,mxbai-embed-large-v1,0.5836593291839244,0.09990927296929808
rai,16,nb-sbert-base,0.6028655113199999,0.15284846913151034
rai,16,paraphrase-multilingual-MiniLM-L12-v2,0.5462615510641275,0.07989750757046354
rai,16,paraphrase-multilingual-mpnet-base-v2,0.6438827321516795,0.20121624175856367
rai,16,potion-base-2M,0.48797748409031044,0.010409576665971972
rai,16,potion-base-4M,0.5348853196717224,0.04834844745451415
rai,16,potion-base-8M,0.5348853196717224,0.04834844745451415
rai,16,potion-multilingual-128M,0.7520892706512067,0.3788190639862571
rai,16,snowflake-arctic-embed-l-v2.0,0.6438827321516795,0.20121624175856367
rai,16,static-similarity-mrl-multilingual-v1,0.4570818604902421,0.02895930793955935
rai,16,text-embedding-3-large,0.63033968835847,0.18895348837209303
rai,16,text-embedding-3-small,0.6313498462620937,0.16999112006467773
rai,16,text-embedding-ada-002,0.529365664865184,0.06345128349057622
rai,16,tfidf-char35,0.6762679727607128,0.23973473190152542
rai,16,xlm-roberta-base,0.46236595653195267,0.03358940416845665
rai,16,xlm-roberta-large,0.46236595653195267,0.03358940416845665
welfare,12,EmbeddingGemma-Scandi-300m,0.719140311306511,0.36108135448304657
welfare,12,LaBSE,0.7226208915814434,0.45748148236358877
welfare,12,M2V_base_glove,0.3646611846916463,-0.046248680178352465
welfare,12,M2V_base_glove_subword,0.40609503655390466,-0.002944038921648469
welfare,12,M2V_base_output,0.5099928330938721,0.07256580488652767
welfare,12,Qwen3-Embedding-0.6B,0.7207653184407947,0.43419728062028184
welfare,12,Qwen3-Embedding-Scandi-0.6B,0.569612622612119,0.10808206755837678
welfare,12,bge-m3,0.7006337797825539,0.3742670350346536
welfare,12,dfm-sentence-encoder-large,0.4722755404587434,0.05101325386706086
welfare,12,jaccard-binary,0.5442800046507819,0.13320148335765017
welfare,12,m2v-dfm-large,0.5671481600706062,0.13250301984898272
welfare,12,mmBERTscandi-base-embedding,0.5766651164161909,0.1489437542513376
welfare,12,model2vecdk,0.6155608582530863,0.23057448583730716
welfare,12,model2vecdk-stem,0.6724685348320244,0.27163013095309996
welfare,12,multilingual-e5-base,0.5967388564801956,0.1562262946731984
welfare,12,multilingual-e5-large,0.7336345493436051,0.3981387123599608
welfare,12,multilingual-e5-large-instruct,0.7029736618647364,0.36108135448304657
welfare,12,multilingual-e5-small,0.676812987077455,0.2932528460093377
welfare,12,mxbai-embed-large-v1,0.4825715419617064,0.04399667594784985
welfare,12,nb-sbert-base,0.5746278324463787,0.12354061971562627
welfare,12,paraphrase-multilingual-MiniLM-L12-v2,0.6863149429094668,0.31915176125943745
welfare,12,paraphrase-multilingual-mpnet-base-v2,0.6979608725728819,0.33178944071899746
welfare,12,potion-base-2M,0.5151197004698064,0.10930200030035425
welfare,12,potion-base-4M,0.5340903909083516,0.10808206755837678
welfare,12,potion-base-8M,0.61348330990287,0.19785762865563364
welfare,12,potion-multilingual-128M,0.600185068134806,0.23050763961501092
welfare,12,snowflake-arctic-embed-l-v2.0,0.6747824206013544,0.2922929842382036
welfare,12,static-similarity-mrl-multilingual-v1,0.3672778985768007,-0.023988878428130765
welfare,12,text-embedding-3-large,0.7158811606069448,0.3453345611812109
welfare,12,text-embedding-3-small,0.6859104885559878,0.31923434715420995
welfare,12,text-embedding-ada-002,0.7713462866255711,0.5310758615890123
welfare,12,tfidf-char35,0.6878295605965135,0.31752715126110465
welfare,12,xlm-roberta-base,0.45651684893428857,0.0017388970951348723
welfare,12,xlm-roberta-large,0.40609503655390466,-0.002944038921648469
rai,13,EmbeddingGemma-Scandi-300m,0.6177733321697122,0.2274357856350087
rai,13,LaBSE,0.448207064613937,-0.011346755796063455
rai,13,M2V_base_glove,0.40056212140371006,-0.03789904229848365
rai,13,M2V_base_glove_subword,0.3441961622214514,-0.06501835589822733
rai,13,M2V_base_output,0.335288438845322,-0.07367114933671398
rai,13,Qwen3-Embedding-0.6B,0.7301564357469024,0.4514761662284758
rai,13,Qwen3-Embedding-Scandi-0.6B,0.5475339541500729,0.11999923662400436
rai,13,bge-m3,0.5959518222851032,0.2183631370973143
rai,13,dfm-sentence-encoder-large,0.4482070646139371,-0.011346755796063455
rai,13,jaccard-binary,0.4803862151385586,0.08114999958570518
rai,13,m2v-dfm-large,0.587687986512062,0.18397160270577992
rai,13,mmBERTscandi-base-embedding,0.5737025367743271,0.15361273428677535
rai,13,model2vecdk,0.5599076521315067,0.14386258902387933
rai,13,model2vecdk-stem,0.5357048679549303,0.12154859761610326
rai,13,multilingual-e5-base,0.5437868078887773,0.10265494632376188
rai,13,multilingual-e5-large,0.5756161608024118,0.14460123672110353
rai,13,multilingual-e5-large-instruct,0.6161840662993046,0.24173196704842273
rai,13,multilingual-e5-small,0.6119903726031677,0.24494762890035848
rai,13,mxbai-embed-large-v1,0.5985323248836788,0.1936799282774045
rai,13,nb-sbert-base,0.44173095453715044,0.0442803937217345
rai,13,paraphrase-multilingual-MiniLM-L12-v2,0.4742448282328845,0.03100097181729835
rai,13,paraphrase-multilingual-mpnet-base-v2,0.5805433088663348,0.20310052100411702
rai,13,potion-base-2M,0.41168909715877045,-0.04787636536503139
rai,13,potion-base-4M,0.3397206682549142,-0.09828718372594938
rai,13,potion-base-8M,0.3397206682549142,-0.09828718372594938
rai,13,potion-multilingual-128M,0.4438932827462082,0.0003295157725537491
rai,13,snowflake-arctic-embed-l-v2.0,0.538922646731641,0.09938556067588325
rai,13,static-similarity-mrl-multilingual-v1,0.3251529350391677,-0.09577999287412894
rai,13,text-embedding-3-large,0.6925498478683598,0.3565909851985801
rai,13,text-embedding-3-small,0.49321182847370915,0.043437009633270636
rai,13,text-embedding-ada-002,0.4800425196613842,0.01196001205457814
rai,13,tfidf-char35,0.7080896198580786,0.3803511970826066
rai,13,xlm-roberta-base,0.4378751307930142,0.02546554193856438
rai,13,xlm-roberta-large,0.4633213404244573,0.054028664538441074
