dataset,seed,user_id,statement_id,x_normalised,y_normalised
rai,21,D_coords,373,0.5841721624435959,0.17954070981210857
rai,17,A_coords,88,0.173217854763491,0.3299398426654327
rai,9,B_coords,870,0.4088304684866869,0.6900050735667174
rai,3,A_coords,60,0.09027777777777778,0.08824987605354487
rai,19,D_coords,190,0.24423076923076922,0.29747427502338636
rai,15,G_coords,393,0.5606641123882503,0.24676524953789278
rai,8,D_coords,360,0.5628899835796387,0.865606936416185
rai,1,D_coords,181,0.5900559762923938,0.33672974284327994
rai,29,B_coords,192,0.5076440611524892,0.7390882638215325
rai,11,B_coords,810,0.09118773946360154,0.5176684881602914
welfare,6,E_coords,1089,0.11018001241464928,0.6494708994708994
rai,23,A_coords,810,0.786395004929346,0.8237585199610516
rai,13,B_coords,510,0.6701099633455515,0.2548435171385991
welfare,6,E_coords,926,0.7175667287399131,0.4876543209876543
rai,24,D_coords,398,0.4464660601819454,0.2017102615694165
rai,7,E_coords,610,0.8611925708699902,0.9387755102040817
rai,7,A_coords,61,0.2704,0.6140186915887851
rai,25,D_coords,85,0.9487359550561798,0.787146529562982
welfare,28,H_coords,1195,0.495409724583475,0.29259259259259257
rai,6,G_coords,563,0.16010165184243966,0.8862433862433863
rai,6,G_coords,507,0.817979669631512,0.34700176366843033
welfare,9,G_coords,1041,0.6168188736681888,0.08072916666666667
rai,24,G_coords,704,0.5985477178423236,0.5245026686074721
rai,5,E_coords,620,0.7614528795811518,0.5663716814159292
welfare,5,B_coords,880,0.5233676975945017,0.7549212598425197
rai,18,G_coords,106,0.6384820239680427,0.8033254156769596
rai,24,D_coords,855,0.7830650804758572,0.20824949698189135
rai,19,E_coords,397,0.9275964391691395,0.07892416225749559
rai,22,A_coords,810,0.8736876640419947,0.4055813953488372
welfare,12,E_coords,1084,0.49384655669023303,0.5763358778625954
welfare,28,H_coords,1228,0.4287657259435566,0.6185185185185185
rai,19,D_coords,374,0.5951923076923077,0.5748362956033677
rai,24,D_coords,104,0.6487053883834849,0.11770623742454728
rai,20,A_coords,286,0.4013400335008375,0.5829338446788112
rai,8,G_coords,1077,0.26296409941699905,0.38668430335097004
rai,10,H_coords,121,0.5378416257883673,0.11278561011181332
welfare,1,H_coords,1248,0.2362934362934363,0.28334124347413386
rai,23,A_coords,622,0.42983897469602367,0.9011684518013632
rai,8,G_coords,981,0.26879410862227676,0.31040564373897706
rai,2,A_coords,656,0.5398601398601398,0.24594992636229748
welfare,12,D_coords,929,0.8227027027027027,0.6665297741273101
rai,17,A_coords,50,0.37341772151898733,0.9009717723276262
rai,21,G_coords,492,0.0625,0.5478944932901435
rai,14,E_coords,543,0.8401126408010012,0.3033860045146727
welfare,2,E_coords,1048,0.4471808165910564,0.6221466731423021
welfare,3,A_coords,1074,0.770774647887324,0.3017664376840039
welfare,12,E_coords,1176,0.09059963341188793,0.10801526717557251
rai,11,G_coords,195,0.3671798231247953,0.8397406206577119
rai,7,A_coords,510,0.50144,0.814018691588785
rai,1,D_coords,712,0.7573263088574251,0.6132945172246482
welfare,1,H_coords,966,0.14362934362934363,0.31134314190792595
welfare,3,H_coords,1176,0.6214309707759489,0.09653233364573571
rai,20,A_coords,679,0.688107202680067,0.5824544582933845
rai,0,H_coords,363,0.6409584425308873,0.47862407862407863
rai,11,B_coords,690,0.30395913154533843,0.35081967213114756
rai,8,D_coords,543,0.8998357963875205,0.6026011560693642
rai,4,D_coords,393,0.8862024500322373,0.7296795169530887
rai,8,G_coords,1045,0.8708192697146364,0.06393298059964726
rai,29,E_coords,111,0.7489060922248402,0.2636497786522381
rai,6,G_coords,770,0.12738246505717915,0.22310405643738976
rai,3,A_coords,748,0.2864583333333333,0.8215171046108082
welfare,9,D_coords,1195,0.7865546218487395,0.5491135601341639
welfare,10,A_coords,1009,0.7254441837076768,0.4294595887135342
rai,23,A_coords,796,0.36510023003614855,0.17721518987341772
rai,19,E_coords,706,0.5724035608308605,0.5908289241622575
welfare,27,G_coords,1240,0.14231824417009603,0.4214876033057851
welfare,7,B_coords,875,0.24616389160953314,0.4427083333333333
rai,5,D_coords,712,0.5725338491295938,0.2778561354019746
welfare,12,D_coords,1025,0.527027027027027,0.1650924024640657
rai,11,G_coords,29,0.24041925974451359,0.5220009263547939
rai,2,H_coords,841,0.28373382624768945,0.33696145124716553
rai,11,B_coords,265,0.31877394636015327,0.853551912568306
rai,19,E_coords,603,0.23234421364985164,0.26851851851851855
rai,20,A_coords,551,0.2150753768844221,0.513902205177373
rai,12,A_coords,694,0.29822294022617124,0.22803823395539372
welfare,5,B_coords,1041,0.7061855670103093,0.4498031496062992
rai,4,G_coords,743,0.7767457860337117,0.24811652435961828
rai,8,D_coords,80,0.8292282430213465,0.3988439306358382
welfare,12,E_coords,929,0.8719560094265515,0.4805343511450382
rai,11,G_coords,321,0.8932197838191942,0.37193144974525244
welfare,4,A_coords,1166,0.852436323366556,0.4690265486725664
welfare,6,B_coords,1115,0.39303818857722206,0.5071469411092052
rai,26,H_coords,8,0.7169996724533246,0.7167656464138876
welfare,12,E_coords,1105,0.634459282534695,0.33244274809160307
welfare,3,H_coords,935,0.17534430634867315,0.1583880037488285
rai,16,B_coords,767,0.4549778059606848,0.5940548072457037
rai,17,A_coords,796,0.1725516322451699,0.8042572882924572
rai,25,G_coords,50,0.5347115087935822,0.19564209550301345
rai,27,H_coords,141,0.44288659793814433,0.4692493946731235
rai,11,G_coords,38,0.6737635113003603,0.37517369152385366
welfare,11,H_coords,1214,0.41501263081919887,0.8703448275862069
rai,18,B_coords,81,0.6631805598277453,0.15432098765432098
rai,8,D_coords,509,0.23251231527093597,0.2023121387283237
welfare,10,G_coords,1124,0.6142297650130548,0.7618621307072516
welfare,12,E_coords,1227,0.35847080387536007,0.20381679389312976
welfare,12,E_coords,961,0.5640219952867243,0.8305343511450382
rai,17,H_coords,384,0.7292443239579803,0.39506769825918764
welfare,6,E_coords,1117,0.574487895716946,0.3955026455026455
welfare,5,B_coords,875,0.23367697594501718,0.7760826771653543
rai,29,E_coords,194,0.35947492426792327,0.05902606984751599
welfare,29,E_coords,966,0.4555785123966942,0.24294354838709678
rai,12,A_coords,333,0.5147011308562197,0.11197086936731906
rai,14,E_coords,743,0.5506883604505632,0.0708803611738149
welfare,8,D_coords,1145,0.07238781526367508,0.1328
welfare,10,G_coords,1126,0.9552872062663186,0.594449418084154
rai,4,D_coords,225,0.8549323017408124,0.4770088248954947
rai,22,A_coords,610,0.880249343832021,0.09953488372093024
welfare,12,E_coords,1055,0.17072532076459807,0.18931297709923664
rai,13,B_coords,736,0.41286237920693103,0.3750620963735718
welfare,10,A_coords,951,0.3442842775729132,0.3118125298900048
welfare,7,G_coords,1126,0.39761092150170646,0.8469868173258004
rai,17,A_coords,610,0.8550966022651566,0.36973623322535865
rai,8,G_coords,1032,0.20773243326173674,0.36596119929453264
rai,28,H_coords,272,0.4818535320803629,0.22627037392138064
welfare,4,H_coords,1166,0.3563731931668857,0.34265473527218493
welfare,27,A_coords,1230,0.5711805555555556,0.4553752535496957
rai,7,E_coords,386,0.48484848484848486,0.15840621963070942
rai,20,A_coords,700,0.7514237855946398,0.6131351869606904
welfare,27,G_coords,1213,0.8799725651577504,0.2493923189110355
rai,4,D_coords,419,0.3152804642166344,0.23641430562006502
rai,13,G_coords,776,0.5345345345345346,0.7669616519174042
rai,22,H_coords,205,0.620253164556962,0.7801989578398864
rai,28,B_coords,272,0.762589928057554,0.6744882675986021
welfare,5,E_coords,1172,0.6309868209578914,0.6264423076923077
welfare,5,E_coords,1041,0.3866923818707811,0.39134615384615384
rai,12,H_coords,609,0.34344698154519865,0.5321869488536155
rai,4,G_coords,188,0.41451668386652907,0.6996484178804621
rai,22,H_coords,230,0.6965189873417722,0.2979630506868783
welfare,2,E_coords,1201,0.474400518470512,0.18455560951918407
welfare,27,G_coords,1230,0.9595336076817559,0.4662129314535732
rai,23,A_coords,361,0.7315149523496549,0.6144109055501461
rai,15,G_coords,50,0.28544061302681994,0.4329944547134935
rai,28,H_coords,187,0.8807517822423849,0.7924256951102588
rai,28,H_coords,541,0.42222942320155543,0.1922339405560882
rai,8,H_coords,566,0.5365058670143416,0.39400921658986177
welfare,27,A_coords,1213,0.17604166666666668,0.3225152129817444
rai,17,H_coords,570,0.5320230430362589,0.5425531914893617
rai,21,G_coords,606,0.37890625,0.062008329477093935
rai,19,E_coords,80,0.7816023738872404,0.6106701940035273
welfare,3,A_coords,1202,0.6602112676056338,0.15260058881256133
rai,22,H_coords,806,0.6943037974683545,0.6958787304594979
rai,5,E_coords,392,0.3959424083769634,0.7261294829995343
rai,4,G_coords,61,0.4626762985896113,0.5886489201406329
rai,11,B_coords,272,0.1772669220945083,0.5570127504553734
welfare,27,G_coords,917,0.8185871056241426,0.6237238697131745
rai,14,B_coords,191,0.9139713237745916,0.07473309608540925
welfare,27,G_coords,1086,0.9598765432098766,0.14730189596499757
rai,14,B_coords,810,0.6725575191730577,0.7361464158617184
welfare,5,E_coords,1039,0.2928318868531019,0.32548076923076924
rai,19,D_coords,61,0.5990384615384615,0.6931711880261927
rai,11,G_coords,690,0.526039960694399,0.7244094488188977
rai,20,E_coords,560,0.5069327020629016,0.6326429980276134
rai,26,B_coords,565,0.7420178799489144,0.10761278195488722
welfare,12,E_coords,952,0.16705943964388584,0.5389312977099237
welfare,4,A_coords,1122,0.46677740863787376,0.04793510324483776
welfare,5,B_coords,1178,0.5233676975945017,0.8646653543307087
welfare,12,E_coords,1159,0.5658549358470804,0.31221374045801525
rai,15,E_coords,654,0.8542293547308593,0.19662363455809334
welfare,7,B_coords,1190,0.31243878550440746,0.1747159090909091
welfare,28,H_coords,1099,0.38966337980278815,0.4722222222222222
rai,27,H_coords,660,0.10144329896907217,0.16319612590799032
rai,12,A_coords,230,0.5945072697899838,0.6745562130177515
welfare,4,A_coords,1176,0.78156146179402,0.15117994100294985
rai,16,B_coords,196,0.8462270133164236,0.25359962842545286
welfare,5,E_coords,1032,0.8068145290903247,0.3283653846153846
rai,8,D_coords,181,0.32282430213464697,0.10452793834296724
rai,22,A_coords,806,0.5918635170603674,0.6
rai,5,E_coords,77,0.1354712041884817,0.18537494177922684
rai,26,H_coords,741,0.4697019325253849,0.3782549109182275
rai,5,E_coords,635,0.6770287958115183,0.5030274802049371
rai,24,D_coords,704,0.7578726382085375,0.397887323943662
rai,1,D_coords,567,0.799143891998683,0.0611353711790393
rai,1,D_coords,76,0.6990451103062233,0.7535177098495875
welfare,12,E_coords,1143,0.206598586017282,0.6748091603053435
rai,24,G_coords,10,0.6334716459197787,0.3047064531780689
rai,27,B_coords,173,0.4796096200766818,0.5654952076677316
rai,7,E_coords,390,0.2665363310524601,0.8406219630709426
rai,28,B_coords,572,0.3713600548132922,0.5716425361957065
rai,18,B_coords,256,0.2586896339587819,0.6529982363315696
rai,13,B_coords,810,0.12195934688437188,0.1351217088922007
rai,15,E_coords,408,0.5439652290203946,0.18371400198609733
welfare,29,E_coords,1009,0.4132231404958678,0.6436491935483871
rai,26,B_coords,745,0.6497445721583652,0.23637218045112782
welfare,3,H_coords,1043,0.5566006046355392,0.3013120899718838
welfare,28,H_coords,925,0.152669160149609,0.1986111111111111
rai,11,B_coords,207,0.22579821200510855,0.7967213114754098
welfare,3,H_coords,1126,0.121263016459523,0.8266166822867854
welfare,5,E_coords,1077,0.663773706203793,0.28221153846153846
rai,7,E_coords,165,0.783642880417074,0.48250728862973763
rai,1,G_coords,852,0.8519690576652602,0.3324987481221833
rai,8,H_coords,162,0.7174054758800521,0.2645161290322581
rai,28,H_coords,37,0.37329876863253403,0.36337488015340363
rai,1,G_coords,856,0.16631504922644164,0.5087631447170756
welfare,7,G_coords,927,0.543344709897611,0.08757062146892655
rai,16,B_coords,600,0.38268864933417884,0.6442173711100789
rai,9,H_coords,442,0.7559681697612732,0.6224202626641651
rai,14,B_coords,743,0.2897632544181394,0.2521606507371632
rai,1,G_coords,232,0.7689873417721519,0.7841762643965949
rai,17,A_coords,730,0.5426382411725517,0.35770476631189263
rai,7,E_coords,84,0.04268491365265559,0.5476190476190477
rai,24,G_coords,418,0.8364453665283541,0.2775351770984959
welfare,9,G_coords,1195,0.7127092846270928,0.20729166666666668
rai,25,D_coords,50,0.8054775280898876,0.8467866323907455
rai,7,A_coords,50,0.94496,0.7336448598130841
rai,7,A_coords,443,0.27744,0.14299065420560747
rai,18,B_coords,492,0.31313442017840665,0.2006172839506173
rai,13,B_coords,173,0.3515494835054982,0.44808743169398907
rai,29,E_coords,151,0.4476607202961966,0.2877520905066404
welfare,27,A_coords,981,0.12222222222222222,0.2535496957403651
rai,15,G_coords,748,0.8125798212005109,0.35951940850277264
rai,8,H_coords,76,0.5061929595827901,0.6474654377880185
rai,8,G_coords,1145,0.8177355016876342,0.7195767195767195
rai,24,D_coords,391,0.6906927921623512,0.46277665995975853
welfare,5,E_coords,1178,0.8672452587592414,0.41634615384615387
welfare,11,H_coords,898,0.3215445687477445,0.2206896551724138
rai,29,B_coords,187,0.42689141513132106,0.7647914645974782
welfare,11,H_coords,881,0.583182966438109,0.3696551724137931
rai,6,G_coords,281,0.49174078780177893,0.25617283950617287
rai,6,G_coords,738,0.7636594663278272,0.33024691358024694
rai,29,B_coords,254,0.17404939239513917,0.3001939864209505
welfare,6,B_coords,912,0.5339641770868536,0.27672955974842767
welfare,4,A_coords,1101,0.4003322259136213,0.7540560471976401
rai,8,H_coords,16,0.8604954367666232,0.4152073732718894
welfare,8,D_coords,1118,0.12938093678349163,0.6752
rai,2,H_coords,280,0.6524953789279113,0.13696145124716552
rai,18,B_coords,187,0.7154721624115656,0.4964726631393298
rai,25,G_coords,207,0.3406356062943536,0.1979601298099212
welfare,6,E_coords,912,0.7793296089385475,0.4620811287477954
rai,9,B_coords,272,0.5817323896191439,0.053779807204464736
welfare,10,A_coords,1036,0.3057324840764331,0.4600669536107126
rai,13,G_coords,207,0.18585251918585252,0.7866273352999017
welfare,27,A_coords,1224,0.3263888888888889,0.0973630831643002
rai,16,G_coords,718,0.8805874840357599,0.2966728280961183
rai,7,E_coords,192,0.49071358748778104,0.956754130223518
welfare,2,E_coords,1191,0.6043421905379132,0.7100534239922293
welfare,8,D_coords,929,0.2332132328856862,0.10506666666666667
rai,29,E_coords,603,0.30663076405250755,0.2926709296606001
rai,21,D_coords,204,0.7709128774730997,0.5673277661795407
rai,0,D_coords,373,0.4170922710248553,0.5302183849669884
rai,21,G_coords,328,0.7531960227272727,0.2744099953725127
rai,17,A_coords,695,0.6635576282478348,0.38870893105043963
rai,12,H_coords,642,0.9333750390991554,0.699294532627866
rai,9,H_coords,403,0.5013262599469496,0.1627579737335835
welfare,27,A_coords,1240,0.38229166666666664,0.9102434077079108
rai,23,A_coords,193,0.8767663489976997,0.6144109055501461
rai,2,A_coords,678,0.4513986013986014,0.646539027982327
rai,29,B_coords,204,0.555860446883575,0.28176527643064986
rai,5,D_coords,194,0.45970341715022567,0.4212505876821815
rai,25,G_coords,704,0.2659672940450478,0.31525266573945293
rai,23,A_coords,250,0.07295432139336182,0.34469328140214217
welfare,7,G_coords,918,0.5959044368600682,0.3248587570621469
rai,27,B_coords,626,0.2837225514116417,0.3780617678381257
rai,25,G_coords,138,0.19777846343721073,0.24432081594807603
rai,24,G_coords,62,0.367911479944675,0.21348859776807375
rai,3,E_coords,391,0.21252597209854557,0.4801587301587302
rai,5,E_coords,232,0.03828534031413613,0.05402887750349324
rai,4,D_coords,62,0.8343004513217279,0.7120297259637715
welfare,3,A_coords,1020,0.8235915492957746,0.4210009813542689
rai,14,E_coords,148,0.7963078848560701,0.636568848758465
rai,24,G_coords,104,0.07261410788381743,0.4837457544881126
welfare,10,G_coords,1027,0.5326370757180157,0.12264995523724262
rai,25,G_coords,540,0.5402653502005554,0.29763560500695413
rai,26,H_coords,864,0.38748771699967244,0.5788031064412974
rai,2,A_coords,768,0.07517482517482517,0.43986254295532645
rai,15,G_coords,310,0.13569604086845466,0.28789279112754157
welfare,12,E_coords,939,0.49332285938727416,0.6717557251908397
rai,19,E_coords,527,0.4,0.5339506172839507
rai,10,H_coords,685,0.731604765241766,0.32231404958677684
welfare,28,H_coords,1005,0.4573274396463788,0.7166666666666667
welfare,5,E_coords,873,0.2937962070073931,0.2201923076923077
welfare,3,H_coords,1074,0.5586160564326503,0.18134957825679476
rai,18,G_coords,96,0.3974700399467377,0.3771971496437055
welfare,4,H_coords,879,0.038896189224704336,0.2979120059656972
rai,1,D_coords,856,0.6875205795192624,0.39446870451237265
rai,15,E_coords,0,0.2955533266466065,0.7100297914597815
rai,25,G_coords,361,0.7497685899413761,0.6230876216968011
rai,20,E_coords,86,0.9695637470409199,0.6928007889546351
rai,0,H_coords,735,0.5406214900786223,0.6245700245700245
rai,12,A_coords,511,0.8397415185783522,0.11561219845243514
rai,7,A_coords,190,0.29344,0.9079439252336449
rai,8,D_coords,737,0.32052545155993434,0.20134874759152216
welfare,6,B_coords,1230,0.7303142953700574,0.3110348770726129
rai,27,B_coords,0,0.3049843150923667,0.6235356762513312
welfare,9,G_coords,1248,0.6362252663622526,0.5114583333333333
rai,10,H_coords,81,0.6888577435178697,0.6553232863393291
rai,2,A_coords,841,0.6797202797202797,0.46048109965635736
rai,16,G_coords,492,0.514367816091954,0.7518484288354899
welfare,6,B_coords,932,0.16525853328827306,0.45511720983419096
rai,6,G_coords,449,0.7039390088945362,0.3959435626102293
rai,16,B_coords,748,0.32149651236525045,0.5503947979563399
rai,18,B_coords,806,0.5096893263611196,0.5427689594356261
rai,4,D_coords,16,0.8891038039974211,0.0548072457036693
rai,6,B_coords,236,0.8398335933437338,0.5305810397553516
welfare,10,A_coords,1186,0.5410660408984244,0.7914873266379723
welfare,27,G_coords,1197,0.6426611796982168,0.46037919299951385
welfare,10,A_coords,917,0.7676835400603419,0.29411764705882354
rai,19,E_coords,540,0.6534124629080119,0.2310405643738977
rai,9,B_coords,572,0.22177283451297608,0.5058346017250127
rai,13,G_coords,47,0.09075742409075742,0.7492625368731564
rai,7,E_coords,61,0.37699576409253827,0.7123420796890184
welfare,6,B_coords,1132,0.23487664751605272,0.2332761578044597
rai,23,A_coords,709,0.6224120933289516,0.887049659201558
welfare,10,G_coords,1227,0.8319190600522193,0.7658907788719785
welfare,1,H_coords,1166,0.5664092664092664,0.643094447081158
rai,9,B_coords,456,0.2885069093360297,0.43480466768138
rai,15,E_coords,393,0.27214978268137746,0.5218470705064548
rai,1,D_coords,262,0.41751728679618044,0.42018437651625423
rai,22,A_coords,566,0.5610236220472441,0.12186046511627907
rai,21,D_coords,833,0.8313085734120097,0.5433194154488518
welfare,0,A_coords,935,0.1969335604770017,0.28252427184466017
rai,2,H_coords,678,0.5908810844115835,0.5301587301587302
welfare,9,D_coords,969,0.4510924369747899,0.09295639674173455
welfare,2,E_coords,1149,0.7900194426441997,0.3380281690140845
rai,14,B_coords,806,0.21273757919306435,0.2907981698017285
rai,18,G_coords,10,0.8169107856191744,0.19002375296912113
rai,0,D_coords,737,0.3615934627170582,0.5804977145759269
rai,25,D_coords,138,0.2928370786516854,0.5994858611825192
rai,9,H_coords,870,0.7556366047745358,0.47654784240150094
rai,3,E_coords,511,0.5957257346393589,0.6044973544973545
welfare,3,H_coords,950,0.41787033926771916,0.48687910028116216
rai,26,H_coords,388,0.2928267278087127,0.8213796253997259
welfare,6,B_coords,1117,0.16323082122338628,0.9222412807318467
rai,25,G_coords,743,0.5202098117864856,0.4668521094112193
welfare,1,H_coords,891,0.4189189189189189,0.5794969150450878
welfare,28,H_coords,1019,0.5630737844270656,0.1699074074074074
welfare,27,G_coords,1177,0.28703703703703703,0.8206125425376762
rai,14,E_coords,194,0.24123904881101377,0.7553047404063206
rai,22,A_coords,192,0.10695538057742782,0.4413953488372093
welfare,7,B_coords,1001,0.5419523343127652,0.4403409090909091
rai,11,B_coords,38,0.34942528735632183,0.47540983606557374
welfare,3,H_coords,1000,0.5854887470607995,0.514058106841612
rai,11,G_coords,207,0.7658041270881101,0.4682723483094025
welfare,9,G_coords,1191,0.302130898021309,0.8864583333333333
rai,19,D_coords,563,0.1608974358974359,0.7871842843779233
welfare,29,E_coords,1137,0.12086776859504132,0.3634072580645161
welfare,7,G_coords,958,0.14709897610921502,0.14736346516007534
welfare,29,E_coords,884,0.4108126721763085,0.921875
welfare,7,G_coords,1074,0.5443686006825939,0.16242937853107345
rai,1,D_coords,243,0.5271649654264077,0.3066472586123241
rai,2,H_coords,81,0.6478743068391867,0.61859410430839
rai,27,H_coords,626,0.4197938144329897,0.5723970944309927
rai,28,B_coords,91,0.6793422404933196,0.48277583624563153
rai,19,E_coords,543,0.9246290801186944,0.3090828924162258
rai,27,B_coords,188,0.0512373649355176,0.2992545260915868
rai,18,G_coords,256,0.7420106524633822,0.45415676959619955
rai,0,D_coords,363,0.6016343207354443,0.3179278821736922
rai,8,H_coords,360,0.2529335071707953,0.3663594470046083
welfare,28,H_coords,880,0.6524991499489969,0.5027777777777778
rai,2,A_coords,695,0.784965034965035,0.5306823760432008
rai,28,B_coords,703,0.5217540253511477,0.5222166749875187
rai,28,B_coords,81,0.36108256252141147,0.07538691962056915
rai,27,B_coords,141,0.5475775531544091,0.6048988285410011
rai,19,D_coords,85,0.9009615384615385,0.6506080449017774
rai,6,B_coords,770,0.17706708268330734,0.8306574923547401
rai,29,E_coords,192,0.1141029956243689,0.04082636497786522
rai,13,B_coords,440,0.9236921026324558,0.453551912568306
rai,4,G_coords,475,0.8933608531131751,0.31039678553490707
welfare,5,E_coords,1042,0.3522982963677274,0.8509615384615384
rai,3,E_coords,603,0.043929949539922825,0.3386243386243386
rai,18,B_coords,569,0.9280221470316825,0.2698412698412698
rai,27,H_coords,193,0.3843298969072165,0.1820823244552058
rai,17,H_coords,745,0.43578447983734325,0.3230174081237911
rai,27,B_coords,14,0.23178807947019867,0.10489882854100106
rai,20,A_coords,258,0.45996649916247906,0.6016299137104506
rai,26,B_coords,492,0.669220945083014,0.6513157894736842
rai,6,G_coords,193,0.13627700127064804,0.6371252204585538
rai,17,A_coords,392,0.5686209193870753,0.07450254511800093
welfare,27,A_coords,1223,0.5104166666666666,0.4234279918864097
rai,6,G_coords,695,0.9332909783989835,0.7711640211640212
rai,17,H_coords,861,0.5191460521856998,0.6852030947775629
rai,17,A_coords,196,0.871419053964024,0.5997223507635354
welfare,9,G_coords,1112,0.15334855403348555,0.17552083333333332
welfare,3,H_coords,1020,0.62882096069869,0.3828491096532334
rai,21,D_coords,374,0.45296771954182574,0.14248434237995825
rai,4,D_coords,608,0.5522243713733076,0.3762192289828147
welfare,5,B_coords,1077,0.2838487972508591,0.4202755905511811
rai,27,H_coords,145,0.5797938144329897,0.6087167070217918
rai,14,E_coords,340,0.3976846057571965,0.92686230248307
welfare,12,D_coords,1063,0.35027027027027025,0.37412731006160166
rai,5,E_coords,712,0.15281413612565445,0.8225430833721472
rai,11,B_coords,137,0.5251596424010218,0.6036429872495446
rai,15,G_coords,604,0.8237547892720306,0.22504621072088724
welfare,0,A_coords,1048,0.08654173764906303,0.1859223300970874
rai,19,E_coords,748,0.8495548961424332,0.8328924162257496
welfare,2,E_coords,1174,0.6976668826960467,0.37348227294803304
rai,13,B_coords,656,0.5561479506831056,0.24689518132141083
welfare,1,H_coords,898,0.2274131274131274,0.8087327954437589
rai,19,E_coords,190,0.13234421364985163,0.1591710758377425
rai,15,G_coords,624,0.6184546615581098,0.305452865064695
rai,1,G_coords,567,0.19198312236286919,0.21131697546319478
rai,25,D_coords,806,0.8044241573033708,0.7557840616966581
welfare,3,H_coords,1158,0.33456499832045683,0.1007497656982193
rai,8,H_coords,538,0.35071707953063885,0.7824884792626728
rai,24,D_coords,493,0.45871238628411476,0.6836016096579477
rai,4,D_coords,188,0.9049000644745325,0.5373896888063168
rai,12,A_coords,642,0.1172859450726979,0.8010923987255348
welfare,1,H_coords,1008,0.8023166023166023,0.18224964404366398
rai,21,G_coords,188,0.11328125,0.34104581212401663
rai,24,D_coords,606,0.36599020293911827,0.9079476861167002
rai,15,G_coords,718,0.8805874840357599,0.2966728280961183
rai,6,G_coords,47,0.5511435832274459,0.29056437389770723
rai,8,H_coords,195,0.10039113428943937,0.16267281105990783
rai,29,B_coords,132,0.04821638573108585,0.47575169738118334
welfare,6,B_coords,885,0.2875971612031092,0.8158947970268725
welfare,10,A_coords,1227,0.5135769359704995,0.07986609277857484
rai,25,G_coords,605,0.14038876889848811,0.21094112192860454
rai,3,A_coords,451,0.5357638888888889,0.4189390183440754
welfare,4,H_coords,874,0.04257555847568988,0.19425801640566742
rai,0,D_coords,123,0.7385086823289071,0.5606907059421026
welfare,28,H_coords,949,0.40802448146888814,0.08935185185185185
welfare,11,H_coords,1090,0.6098881270299531,0.27218390804597703
welfare,27,G_coords,1174,0.8196159122085048,0.808458920758386
rai,12,H_coords,88,0.465436346574914,0.12610229276895943
rai,12,H_coords,276,0.73287456990929,0.28527336860670194
welfare,12,D_coords,1099,0.17216216216216215,0.5232032854209445
rai,12,H_coords,511,0.643728495464498,0.2641093474426808
rai,28,H_coords,703,0.4018146467919637,0.6558005752636625
welfare,5,E_coords,875,0.0742526518804243,0.32019230769230766
welfare,9,G_coords,1197,0.8040334855403348,0.6109375
welfare,9,D_coords,1041,0.2749579831932773,0.5735505510301868
rai,12,H_coords,278,0.7907413199874883,0.16843033509700175
rai,9,H_coords,272,0.33521220159151194,0.2077861163227017
rai,18,G_coords,569,0.1611185086551265,0.17149643705463183
welfare,29,E_coords,1144,0.39807162534435264,0.08266129032258064
rai,13,B_coords,312,0.20093302232589136,0.29508196721311475
welfare,27,A_coords,1222,0.19930555555555557,0.22515212981744423
welfare,0,A_coords,1050,0.2541737649063032,0.21893203883495146
rai,27,B_coords,517,0.3680724991286162,0.7928647497337593
welfare,9,G_coords,917,0.2165144596651446,0.6145833333333334
welfare,1,H_coords,1027,0.28378378378378377,0.5211200759373517
rai,16,G_coords,196,0.20721583652618136,0.8022181146025879
welfare,10,A_coords,1124,0.4760308414347972,0.8163558106169297
welfare,10,A_coords,1180,0.868253436138116,0.41272118603538976
rai,28,B_coords,187,0.07468311065433368,0.6425361957064404
rai,2,A_coords,570,0.5185314685314686,0.11782032400589101
rai,15,G_coords,373,0.8895274584929758,0.16774491682070242
rai,3,A_coords,542,0.125,0.7050074367873079
rai,8,D_coords,560,0.8088669950738916,0.07466281310211946
rai,1,D_coords,135,0.41224892986499834,0.7869966035904901
rai,15,E_coords,656,0.4035439652290204,0.17030784508440913
rai,7,A_coords,610,0.84032,0.08925233644859813
welfare,28,H_coords,929,0.8813328799727984,0.3435185185185185
rai,20,A_coords,560,0.5082077051926298,0.36001917545541706
rai,24,G_coords,7,0.39868603042876904,0.7719553614750121
rai,17,A_coords,384,0.4043970686209194,0.5437297547431744
rai,26,H_coords,387,0.19718309859154928,0.4125171311100959
welfare,12,D_coords,1055,0.23351351351351352,0.384394250513347
welfare,3,A_coords,1119,0.7077464788732394,0.31599607458292445
rai,5,E_coords,60,0.5094895287958116,0.18910107126222636
rai,0,D_coords,732,0.42254000680966974,0.3174200101574403
rai,6,G_coords,192,0.20044472681067343,0.6044973544973545
rai,7,E_coords,696,0.3734115347018573,0.2847424684159378
rai,5,D_coords,196,0.18600902643455836,0.685002350728726
rai,19,D_coords,543,0.842948717948718,0.2380729653882133
welfare,9,D_coords,1222,0.7761344537815126,0.05270723526593196
rai,10,H_coords,744,0.46741415557112825,0.7637335926105979
welfare,6,E_coords,1148,0.2973308504034761,0.6926807760141094
rai,9,B_coords,76,0.617458712504213,0.313039066463724
rai,25,D_coords,144,0.2679073033707865,0.24781491002570694
welfare,9,D_coords,1050,0.22789915966386554,0.4163871586008625
welfare,9,G_coords,956,0.8375190258751902,0.0875
welfare,9,D_coords,1244,0.3842016806722689,0.22280785816962145
rai,8,H_coords,452,0.5068448500651891,0.8350230414746543
welfare,11,H_coords,1166,0.42764345001804405,0.46988505747126436
rai,3,A_coords,617,0.4354166666666667,0.7288051561725335
welfare,9,D_coords,1000,0.6914285714285714,0.18878773358888357
rai,24,D_coords,453,0.5216934919524143,0.7147887323943662
rai,1,D_coords,852,0.7194599934145538,0.11305191654536632
rai,19,D_coords,603,0.2362179487179487,0.15060804490177737
rai,20,E_coords,797,0.6543794386202232,0.3254437869822485
welfare,3,A_coords,935,0.3580985915492958,0.20314033366045142
rai,22,H_coords,539,0.7401898734177215,0.4396020843202274
rai,9,H_coords,853,0.8958885941644562,0.1796435272045028
welfare,3,A_coords,1153,0.5686619718309859,0.661432777232581
rai,13,B_coords,445,0.5754748417194269,0.3373075012419275
rai,24,G_coords,855,0.14280774550484093,0.7874818049490538
welfare,9,G_coords,1032,0.3359969558599696,0.6984375
rai,9,H_coords,738,0.26889920424403185,0.6533771106941839
rai,19,D_coords,706,0.4855769230769231,0.1449953227315248
welfare,12,E_coords,1041,0.38517936632626343,0.33091603053435115
welfare,7,B_coords,1165,0.2961149200130591,0.5336174242424242
welfare,28,H_coords,1127,0.34852091125467527,0.17314814814814813
rai,7,E_coords,615,0.07168458781362007,0.6248785228377065
welfare,3,H_coords,1097,0.3110513940208263,0.49765698219306465
rai,1,D_coords,193,0.35824827132038195,0.3182920912178554
rai,27,B_coords,508,0.46287905193447193,0.1650692225772098
rai,22,H_coords,772,0.5180379746835443,0.8555187115111321
welfare,4,H_coords,1122,0.43337713534822603,0.23974645786726323
welfare,4,H_coords,1178,0.24704336399474375,0.5260999254287845
rai,20,E_coords,724,0.8593168752113629,0.4230769230769231
rai,19,D_coords,136,0.11570512820512821,0.4915809167446211
rai,3,E_coords,739,0.38972989017512616,0.2310405643738977
rai,16,G_coords,242,0.6206896551724138,0.18576709796672827
welfare,4,A_coords,926,0.40337763012181616,0.04056047197640118
welfare,3,A_coords,1094,0.223943661971831,0.39499509322865556
rai,10,H_coords,85,0.29782761037140854,0.6329606222654351
rai,20,E_coords,565,0.27967534663510313,0.5241617357001972
rai,13,G_coords,192,0.8918918918918919,0.4296951819075713
rai,22,A_coords,826,0.359251968503937,0.8223255813953488
rai,22,H_coords,119,0.6699367088607595,0.18237801989578398
rai,19,E_coords,196,0.10356083086053412,0.8558201058201058
rai,20,E_coords,791,0.038214406493067295,0.8284023668639053
rai,3,A_coords,681,0.8388888888888889,0.5052057511155181
rai,22,H_coords,610,0.37721518987341773,0.8517290383704406
rai,17,A_coords,191,0.8630912724850099,0.12309116149930588
welfare,8,D_coords,880,0.634457910252211,0.3957333333333333
rai,19,E_coords,374,0.7008902077151336,0.7292768959435626
rai,25,D_coords,84,0.2303370786516854,0.5048843187660669
rai,29,E_coords,311,0.22214742510939078,0.7835710772257747
rai,0,D_coords,604,0.3585291113381001,0.4855256475368207
rai,16,B_coords,718,0.6109701965757768,0.5568973525313516
rai,19,D_coords,610,0.5185897435897436,0.7684752104770813
welfare,11,H_coords,1124,0.31252255503428367,0.10436781609195403
welfare,5,B_coords,1147,0.45670103092783504,0.7918307086614174
rai,20,A_coords,791,0.7919597989949749,0.8700862895493768
welfare,6,B_coords,1148,0.6339979722879351,0.747284162378502
welfare,2,E_coords,1205,0.26312378483473753,0.476930548810102
rai,24,G_coords,8,0.16874135546334718,0.267345948568656
rai,6,G_coords,204,0.7941550190597204,0.6728395061728395
rai,27,H_coords,624,0.17484536082474228,0.20290556900726392
welfare,3,A_coords,950,0.3545774647887324,0.9416094210009813
welfare,6,B_coords,1131,0.6093274754984792,0.11149228130360206
rai,0,D_coords,91,0.7330609465440926,0.8730319959370239
rai,5,D_coords,635,0.4393939393939394,0.5002350728725905
welfare,4,A_coords,879,0.6982281284606866,0.2640117994100295
rai,24,G_coords,606,0.8599585062240664,0.7049975739932072
rai,0,H_coords,373,0.7375514788468738,0.3356265356265356
rai,7,A_coords,573,0.50112,0.8985981308411215
welfare,4,A_coords,903,0.29540420819490587,0.4553834808259587
welfare,9,G_coords,969,0.06316590563165905,0.5020833333333333
welfare,12,D_coords,1041,0.522972972972973,0.40369609856262834
rai,9,B_coords,511,0.5520728008088979,0.4591577879249112
rai,25,D_coords,361,0.6408005617977528,0.72853470437018
rai,22,H_coords,121,0.5677215189873418,0.49692089057318806
welfare,28,H_coords,1054,0.23767426045562734,0.3837962962962963
rai,8,G_coords,1171,0.1328628413623811,0.19797178130511464
welfare,10,G_coords,966,0.5564621409921671,0.779319606087735
rai,10,H_coords,842,0.7568325157673441,0.5940690325717064
rai,17,H_coords,192,0.20332090816672316,0.16924564796905223
rai,19,D_coords,80,0.5362179487179487,0.6047708138447146
rai,19,D_coords,199,0.7355769230769231,0.2829747427502339
rai,17,A_coords,748,0.0982678214523651,0.4002776492364646
rai,24,D_coords,603,0.6116165150454863,0.880784708249497
rai,9,B_coords,611,0.3535557802494102,0.502283105022831
rai,24,D_coords,7,0.5535339398180545,0.8546277665995976
rai,20,E_coords,551,0.18329387893134935,0.20364891518737674
rai,5,E_coords,190,0.6649214659685864,0.9580810433162552
rai,18,B_coords,96,0.44878498923408183,0.164021164021164
rai,7,A_coords,84,0.25376,0.3042056074766355
welfare,7,G_coords,984,0.7569965870307167,0.5230696798493408
rai,0,D_coords,601,0.6152536601974804,0.5576434738445911
welfare,0,A_coords,950,0.8088586030664395,0.6873786407766991
welfare,7,B_coords,1069,0.6980084884100555,0.5397727272727273
rai,23,A_coords,626,0.6786066381860006,0.9040895813047711
rai,9,B_coords,853,0.3228850690933603,0.8751902587519026
welfare,4,H_coords,1101,0.3169513797634691,0.09694258016405667
rai,9,B_coords,0,0.1695315133131109,0.6149162861491628
rai,22,H_coords,826,0.4370253164556962,0.7446707721459024
rai,21,D_coords,196,0.7198889274557445,0.8549060542797495
welfare,27,A_coords,1177,0.09375,0.8235294117647058
rai,28,B_coords,207,0.41623843782117165,0.7264103844233649
welfare,29,E_coords,1004,0.8543388429752066,0.626008064516129
rai,13,G_coords,805,0.8088088088088088,0.6794493608652901
welfare,3,A_coords,1097,0.24471830985915494,0.6741903827281649
rai,27,B_coords,747,0.32241199024050193,0.05484558040468584
rai,3,E_coords,194,0.056396556841792816,0.5771604938271605
welfare,27,A_coords,917,0.6840277777777778,0.22515212981744423
rai,14,E_coords,30,0.7018147684605757,0.7530474040632055
rai,17,H_coords,248,0.325313453066757,0.5299806576402321
rai,20,A_coords,195,0.7701842546063652,0.07142857142857142
welfare,8,D_coords,917,0.6043236161152964,0.6133333333333333
welfare,4,A_coords,874,0.6805094130675526,0.36430678466076694
welfare,29,E_coords,1022,0.23898071625344353,0.6723790322580645
rai,21,D_coords,656,0.589378687955571,0.3606471816283925
rai,10,H_coords,0,0.8384723195515067,0.6650461837627613
rai,13,G_coords,445,0.595261928595262,0.31563421828908556
welfare,5,B_coords,929,0.47010309278350515,0.07381889763779527
rai,1,G_coords,151,0.710267229254571,0.16224336504757136
rai,16,G_coords,393,0.5606641123882503,0.24676524953789278
rai,0,D_coords,50,0.5454545454545454,0.2889791772473337
rai,5,D_coords,600,0.7021276595744681,0.5590032910202163
rai,4,D_coords,475,0.5351386202450032,0.29354389224338134
welfare,12,E_coords,1025,0.2414244566640482,0.5091603053435114
rai,13,G_coords,737,0.5915915915915916,0.21976401179941002
rai,6,G_coords,50,0.900571791613723,0.1128747795414462
welfare,29,E_coords,917,0.48278236914600553,0.7232862903225806
rai,25,G_coords,135,0.5143474236346807,0.07556791840519239
rai,26,H_coords,805,0.38683262364886994,0.8675194152581087
welfare,4,H_coords,1171,0.26727989487516424,0.7893363161819538
rai,25,D_coords,33,0.6190308988764045,0.5938303341902313
rai,0,D_coords,735,0.7184201566224038,0.13560182833925852
rai,5,D_coords,190,0.6879432624113475,0.1847672778561354
rai,3,E_coords,681,0.93351142772336,0.8359788359788359
rai,0,H_coords,360,0.4548858105578435,0.7036855036855036
welfare,10,A_coords,966,0.41334227287965136,0.5915829746532759
rai,18,G_coords,7,0.4330892143808256,0.2033254156769596
rai,6,B_coords,695,0.6947477899115965,0.10741590214067279
rai,2,A_coords,626,0.48321678321678324,0.41531664212076586
rai,8,H_coords,721,0.5893089960886571,0.7184331797235023
welfare,12,D_coords,1176,0.2875675675675676,0.40985626283367554
welfare,3,H_coords,1193,0.7279140073899899,0.24601686972820994
welfare,5,B_coords,873,0.6580756013745704,0.6117125984251969
rai,18,G_coords,187,0.8129161118508655,0.768646080760095
rai,19,D_coords,162,0.17916666666666667,0.2698783910196445
welfare,4,A_coords,1026,0.8513289036544851,0.8204277286135693
rai,20,A_coords,559,0.30921273031825797,0.288111217641419
rai,21,D_coords,699,0.41825754946199234,0.26043841336116913
welfare,29,E_coords,963,0.2806473829201102,0.21673387096774194
rai,25,G_coords,85,0.6238815180499846,0.34585071859063515
welfare,1,H_coords,1222,0.06177606177606178,0.20360702420503085
rai,23,A_coords,420,0.8439040420637529,0.8481012658227848
welfare,5,B_coords,1117,0.16529209621993127,0.8385826771653543
rai,18,G_coords,543,0.1674434087882823,0.41092636579572445
rai,21,G_coords,699,0.3046875,0.4201758445164276
rai,9,H_coords,806,0.6687665782493368,0.574108818011257
rai,24,G_coords,493,0.20608575380359612,0.737506065016982
rai,24,G_coords,193,0.30428769017980634,0.19747695293546821
rai,8,H_coords,181,0.31910039113428945,0.2995391705069124
rai,28,H_coords,738,0.6795204147764096,0.41323106423777567
rai,26,H_coords,492,0.5715689485751719,0.13430790315212426
rai,24,D_coords,191,0.1497550734779566,0.448692152917505
rai,28,B_coords,360,0.9421034600890716,0.1602596105841238
rai,15,E_coords,289,0.19759277833500502,0.1628599801390268
welfare,27,G_coords,1087,0.6310013717421125,0.8210986874088478
rai,4,D_coords,61,0.8513862024500323,0.5513237343241988
rai,25,G_coords,542,0.236346806541191,0.40148354195642094
welfare,2,E_coords,1233,0.5657809462086844,0.5789218067022827
rai,6,G_coords,0,0.7534942820838628,0.1746031746031746
welfare,27,A_coords,1197,0.4201388888888889,0.5623732251521298
rai,12,A_coords,770,0.06268174474959612,0.889849795175239
rai,19,E_coords,199,0.8813056379821959,0.4514991181657848
welfare,0,A_coords,1026,0.19522998296422486,0.02621359223300971
rai,9,H_coords,611,0.375,0.7837711069418386
rai,19,E_coords,191,0.03560830860534125,0.5167548500881834
welfare,4,H_coords,897,0.3466491458607096,0.4597315436241611
rai,26,B_coords,8,0.3566411238825032,0.3966165413533835
rai,20,A_coords,745,0.5701842546063651,0.4031639501438159
rai,21,G_coords,665,0.4698153409090909,0.2943081906524757
rai,9,H_coords,0,0.623342175066313,0.7209193245778611
welfare,10,A_coords,879,0.2879651357693597,0.3333333333333333
welfare,9,D_coords,1191,0.5905882352941176,0.05654048873981792
rai,12,A_coords,204,0.7495961227786753,0.36413290851160673
welfare,0,A_coords,892,0.36013628620102217,0.6504854368932039
rai,25,D_coords,704,0.30793539325842695,0.37840616966580976
rai,19,D_coords,540,0.40865384615384615,0.8353601496725912
rai,28,H_coords,0,0.5541153596889177,0.08820709491850431
rai,24,D_coords,193,0.1357592722183345,0.6428571428571429
rai,6,G_coords,735,0.6585133418043202,0.6322751322751323
rai,16,G_coords,604,0.8237547892720306,0.22504621072088724
welfare,6,B_coords,1039,0.5680973301791146,0.6432246998284734
welfare,27,A_coords,1086,0.27534722222222224,0.5674442190669371
rai,14,E_coords,710,0.16708385481852314,0.28442437923250563
rai,7,A_coords,748,0.47104,0.25794392523364484
welfare,0,A_coords,1140,0.77206132879046,0.3407766990291262
rai,1,G_coords,135,0.9729254571026723,0.45718577866800203
rai,29,E_coords,173,0.4123190844833389,0.5169699950811608
welfare,1,H_coords,895,0.0722007722007722,0.5149501661129569
welfare,7,B_coords,933,0.2745674175644793,0.7888257575757576
rai,5,E_coords,200,0.23658376963350786,0.26362366092221706
rai,22,H_coords,508,0.7395569620253165,0.08005684509711038
rai,28,H_coords,360,0.2984445884640311,0.42138063279002874
welfare,10,A_coords,1185,0.5752598055648676,0.6408417025346724
welfare,12,D_coords,1084,0.22837837837837838,0.4698151950718686
welfare,7,G_coords,962,0.7150170648464164,0.7551789077212806
welfare,28,H_coords,907,0.2893573614416865,0.49953703703703706
welfare,5,B_coords,1171,0.26219931271477664,0.1781496062992126
rai,11,G_coords,591,0.19587291188994432,0.3464566929133858
rai,14,B_coords,704,0.38979659886628876,0.722928317234367
rai,10,H_coords,8,0.14190609670637702,0.332036947010209
rai,10,H_coords,770,0.07918710581639804,0.7992221682061255
rai,21,D_coords,738,0.8385977091287747,0.44258872651356995
rai,4,D_coords,843,0.8900709219858156,0.864375290292615
rai,10,H_coords,768,0.5522074281709881,0.3398152649489548
rai,12,A_coords,550,0.27140549273021003,0.4624487938097406
rai,9,H_coords,511,0.5464190981432361,0.275328330206379
welfare,28,H_coords,1166,0.5685141108466508,0.6333333333333333
rai,16,G_coords,624,0.6184546615581098,0.305452865064695
rai,27,B_coords,695,0.6179853607528756,0.6166134185303515
welfare,2,E_coords,1135,0.541153596889177,0.2773190869354055
rai,13,G_coords,232,0.600266933600267,0.6012782694198623
rai,25,D_coords,285,0.38799157303370785,0.0832904884318766
rai,28,B_coords,804,0.6903048989379925,0.7383924113829257
welfare,3,H_coords,1119,0.6577091031239503,0.5923149015932521
welfare,9,D_coords,896,0.8423529411764706,0.28318160038332535
rai,18,G_coords,806,0.4484021304926764,0.6356294536817102
welfare,8,D_coords,1032,0.5640353750409434,0.3744
rai,24,G_coords,603,0.6417704011065007,0.07423580786026202
welfare,0,A_coords,969,0.5686541737649063,0.5199029126213592
rai,6,B_coords,192,0.3172126885075403,0.095565749235474
rai,12,A_coords,737,0.35024232633279484,0.5794264906690942
rai,20,E_coords,679,0.5448089279675347,0.11538461538461539
rai,7,A_coords,696,0.73312,0.4808411214953271
rai,18,G_coords,249,0.20139813581890811,0.7268408551068883
rai,28,B_coords,602,0.6200753682768071,0.654518222666001
welfare,27,A_coords,1200,0.20243055555555556,0.7870182555780934
welfare,10,G_coords,891,0.5639686684073107,0.25604297224709044
rai,19,D_coords,191,0.6762820512820513,0.7694106641721234
rai,4,D_coords,10,0.8575112830431979,0.7863446353924756
rai,26,H_coords,395,0.28856862102849656,0.1658291457286432
rai,15,E_coords,361,0.5840855901036442,0.0506454816285998
rai,7,E_coords,605,0.1893124796350603,0.5796890184645287
rai,11,B_coords,313,0.35964240102171136,0.7085610200364298
rai,20,A_coords,86,0.10150753768844221,0.7953020134228188
rai,8,G_coords,904,0.07272169377109543,0.25132275132275134
rai,26,B_coords,388,0.708492975734355,0.22321428571428573
rai,27,H_coords,30,0.41237113402061853,0.38353510895883774
welfare,27,A_coords,1234,0.5694444444444444,0.3671399594320487
rai,28,B_coords,173,0.6142514559780747,0.43185222166749876
rai,2,H_coords,530,0.5181762168823167,0.5850340136054422
rai,8,G_coords,1167,0.5474071801166002,0.10802469135802469
rai,16,B_coords,805,0.5843373493975904,0.30143985137018114
rai,18,G_coords,81,0.14980026631158455,0.8213776722090261
rai,0,H_coords,680,0.6222388618494946,0.12923832923832923
rai,28,B_coords,221,0.42069201781432,0.4148776834747878
welfare,9,G_coords,1050,0.4250380517503805,0.4901041666666667
rai,21,D_coords,665,0.34849010760152727,0.17954070981210857
rai,28,H_coords,173,0.5933246921581335,0.1965484180249281
welfare,7,B_coords,962,0.08880182827293504,0.5913825757575758
welfare,12,D_coords,961,0.16864864864864865,0.6193018480492813
welfare,7,B_coords,1074,0.47078028077048645,0.4715909090909091
rai,15,G_coords,370,0.45338441890166026,0.7781885397412199
welfare,0,A_coords,1009,0.1151618398637138,0.3737864077669903
rai,6,B_coords,392,0.4284971398855954,0.5886850152905199
rai,21,G_coords,245,0.22301136363636365,0.7214252660805183
rai,17,H_coords,107,0.23957980345645544,0.6378143133462283
rai,27,H_coords,0,0.08247422680412371,0.27263922518159805
rai,3,A_coords,603,0.33819444444444446,0.2449181953396133
rai,20,E_coords,286,0.8437605681433886,0.8353057199211046
rai,18,B_coords,507,0.2728391264226392,0.38932980599647266
rai,26,B_coords,380,0.47413793103448276,0.5056390977443609
rai,2,A_coords,770,0.9125874125874126,0.7722140402552774
rai,20,E_coords,258,0.5735542779844437,0.2480276134122288
rai,24,D_coords,572,0.9356193142057383,0.3113682092555332
rai,22,H_coords,462,0.6686708860759494,0.39649455234486025
rai,26,H_coords,570,0.24074680641991483,0.07629054362722705
rai,18,B_coords,10,0.3254383266687173,0.6798941798941799
rai,5,D_coords,151,0.7559638942617666,0.7287259050305595
rai,23,A_coords,852,0.5497863950049293,0.750730282375852
rai,9,B_coords,612,0.4115267947421638,0.21562658548959918
rai,9,H_coords,456,0.5699602122015915,0.5825515947467167
rai,12,H_coords,187,0.2133249921801689,0.927689594356261
rai,26,H_coords,624,0.12905339010809042,0.6633165829145728
rai,19,D_coords,740,0.2782051282051282,0.44855004677268473
rai,5,D_coords,9,0.13120567375886524,0.5561824165491303
welfare,6,B_coords,1059,0.10442717134166948,0.6129216695254431
welfare,9,D_coords,917,0.3892436974789916,0.13464302827024438
rai,6,B_coords,0,0.36453458138325534,0.6746941896024465
rai,23,A_coords,729,0.811698981268485,0.5676728334956183
rai,22,A_coords,121,0.25098425196850394,0.29023255813953486
rai,4,G_coords,506,0.7719298245614035,0.41687594173782017
rai,12,A_coords,609,0.4084006462035541,0.6590805644060082
rai,3,E_coords,542,0.09973285841495994,0.701058201058201
rai,2,H_coords,570,0.4722735674676525,0.4222222222222222
rai,25,D_coords,605,0.2401685393258427,0.6647814910025707
rai,8,D_coords,195,0.6026272577996716,0.08477842003853564
welfare,8,D_coords,1077,0.4615132656403538,0.17386666666666667
rai,14,B_coords,30,0.588862954318106,0.5465175394001017
rai,11,B_coords,86,0.6219667943805874,0.7213114754098361
rai,8,D_coords,569,0.361576354679803,0.808766859344894
rai,18,G_coords,14,0.34420772303595204,0.6878859857482186
rai,8,G_coords,1068,0.6121509665541577,0.26102292768959434
welfare,12,E_coords,1226,0.2000523697302959,0.08511450381679389
rai,3,E_coords,546,0.736420302760463,0.38756613756613756
welfare,8,D_coords,1134,0.18866688503111692,0.6336
welfare,29,E_coords,927,0.18973829201101927,0.4067540322580645
rai,7,A_coords,747,0.13856,0.0911214953271028
rai,7,A_coords,390,0.35136,0.8939252336448598
welfare,6,E_coords,932,0.32526381129733084,0.26763668430335097
welfare,8,D_coords,1087,0.39305601048149363,0.7578666666666667
rai,21,G_coords,187,0.17400568181818182,0.3095788986580287
rai,4,G_coords,746,0.5617475060199518,0.5339025615268709
rai,21,G_coords,374,0.15944602272727273,0.7584451642757982
rai,11,B_coords,604,0.6993614303959131,0.654280510018215
rai,24,G_coords,453,0.3367911479944675,0.7899078117418729
rai,25,G_coords,84,0.16291268127121258,0.34075104311543813
rai,6,B_coords,506,0.7415496619864794,0.6444954128440367
rai,5,E_coords,768,0.48658376963350786,0.6865393572426641
rai,9,H_coords,572,0.6949602122015915,0.6946529080675422
welfare,4,H_coords,1077,0.7235216819973719,0.05219985085756898
welfare,6,E_coords,1115,0.43109869646182497,0.33024691358024694
rai,12,H_coords,605,0.6909602752580545,0.3955026455026455
rai,9,H_coords,27,0.4519230769230769,0.5595684803001876
rai,4,G_coords,62,0.3515651874785002,0.17679558011049723
rai,0,D_coords,196,0.8576779026217228,0.8608430675469781
welfare,12,E_coords,1063,0.27153705158418434,0.21870229007633588
rai,22,A_coords,700,0.31528871391076113,0.3697674418604651
welfare,7,B_coords,984,0.6395690499510284,0.2883522727272727
rai,20,E_coords,657,0.7696990192762936,0.8831360946745562
welfare,8,D_coords,1045,0.06845725515886014,0.64
rai,26,H_coords,796,0.3986243039633148,0.06258565555047967
welfare,1,H_coords,962,0.20038610038610039,0.5168485999050784
welfare,3,A_coords,1193,0.5190140845070422,0.2536800785083415
rai,17,H_coords,486,0.46391053880040667,0.4318181818181818
rai,13,G_coords,623,0.1748415081748415,0.13126843657817108
rai,24,D_coords,826,0.4636109167249825,0.8752515090543259
rai,29,E_coords,116,0.9596095590710199,0.8125922282341368
welfare,11,H_coords,882,0.13641284734752795,0.3641379310344828
rai,7,E_coords,7,0.7706093189964157,0.19825072886297376
rai,17,A_coords,80,0.08261159227181879,0.22350763535400278
welfare,0,A_coords,1041,0.6654173764906304,0.1742718446601942
rai,11,B_coords,29,0.16091954022988506,0.41129326047358833
rai,15,G_coords,804,0.5740740740740741,0.7222735674676525
rai,8,D_coords,85,0.03711001642036125,0.6382466281310212
rai,3,E_coords,333,0.8376372810923123,0.21031746031746032
rai,19,E_coords,563,0.8314540059347181,0.15343915343915343
rai,2,A_coords,764,0.18321678321678322,0.5586647029945999
rai,4,G_coords,419,0.5951152390780874,0.4620793571069814
rai,3,A_coords,810,0.7756944444444445,0.5959345562716907
welfare,2,E_coords,884,0.9400518470511989,0.18067022826614862
welfare,10,G_coords,1192,0.556135770234987,0.8589973142345568
rai,14,B_coords,390,0.6072024008002668,0.33807829181494664
rai,20,E_coords,700,0.688873858640514,0.14003944773175542
rai,14,E_coords,191,0.03410513141426783,0.7693002257336343
welfare,27,G_coords,1012,0.8034979423868313,0.2805055906660185
rai,9,B_coords,738,0.4860128075497135,0.4835109081684424
rai,27,H_coords,747,0.622680412371134,0.45811138014527847
rai,22,A_coords,196,0.10958005249343832,0.0758139534883721
rai,15,E_coords,747,0.9334670678702774,0.8326713008937437
welfare,12,E_coords,1166,0.6666666666666666,0.4530534351145038
welfare,10,G_coords,1180,0.20071801566579633,0.4538943598925694
rai,3,E_coords,191,0.17750074205995844,0.0873015873015873
welfare,12,D_coords,1122,0.2851351351351351,0.4924024640657084
rai,29,E_coords,271,0.7068327162571525,0.7919331037875061
rai,1,G_coords,181,0.9187763713080169,0.21331997996995494
rai,27,H_coords,695,0.514639175257732,0.387409200968523
rai,9,B_coords,806,0.25075834175935285,0.6098427194317605
rai,0,D_coords,497,0.14300306435137897,0.8024377856780092
rai,17,H_coords,834,0.6665537106065741,0.14603481624758222
rai,10,H_coords,609,0.6601261387526279,0.1536217792902285
welfare,10,A_coords,897,0.24706671136439826,0.4811095169775227
welfare,0,A_coords,954,0.1131175468483816,0.4796116504854369
welfare,10,G_coords,1036,0.19745430809399478,0.7896150402864817
rai,26,B_coords,796,0.5306513409961686,0.4417293233082707
rai,4,G_coords,393,0.824905400756794,0.47061778001004523
welfare,4,H_coords,886,0.39579500657030225,0.09619686800894854
rai,9,B_coords,704,0.4492753623188406,0.32318619989852865
rai,25,D_coords,743,0.8110955056179775,0.5290488431876607
rai,11,G_coords,189,0.8414674091057975,0.7758221398795738
rai,8,G_coords,917,0.10125805461798097,0.431657848324515
welfare,5,E_coords,1171,0.8646737383477981,0.29278846153846155
rai,0,H_coords,123,0.5593410707600149,0.23194103194103194
rai,9,H_coords,612,0.3862732095490716,0.43808630393996245
rai,16,G_coords,310,0.13569604086845466,0.28789279112754157
rai,24,G_coords,729,0.8699861687413555,0.14410480349344978
rai,28,H_coords,804,0.4799092676604018,0.13950143815915628
rai,14,E_coords,647,0.7568836045056321,0.48397291196388265
rai,28,B_coords,738,0.5861596437136005,0.5391912131802297
rai,20,A_coords,657,0.2780569514237856,0.697986577181208
rai,8,H_coords,543,0.8715775749674055,0.7497695852534563
rai,21,D_coords,603,0.45157931273863244,0.36430062630480164
welfare,8,D_coords,1171,0.5601048149361284,0.5114666666666666
rai,29,E_coords,10,0.3688993604846853,0.35071323167732416
welfare,27,A_coords,1231,0.1375,0.6713995943204868
rai,13,G_coords,510,0.6786786786786787,0.24631268436578171
rai,7,E_coords,573,0.8712935809710003,0.35714285714285715
rai,4,G_coords,361,0.3216374269005848,0.35961828227021597
welfare,0,A_coords,1145,0.8957410562180579,0.10970873786407767
rai,14,B_coords,543,0.39579859953317775,0.43721403152008137
rai,18,G_coords,237,0.3485352862849534,0.15106888361045132
rai,18,B_coords,377,0.33897262380805904,0.3549382716049383
rai,15,E_coords,394,0.16649949849548645,0.42502482621648463
rai,16,G_coords,805,0.17305236270753513,0.20378927911275416
welfare,10,A_coords,1094,0.6610794502179015,0.7551410808225729
rai,28,H_coords,368,0.5450421257290992,0.3911792905081496
welfare,3,H_coords,1124,0.3325495465233457,0.23992502343017807
rai,28,B_coords,79,0.48475505310037686,0.7853220169745382
rai,12,A_coords,194,0.056219709208400644,0.07783340919435594
rai,17,A_coords,486,0.3331112591605596,0.5691809347524295
rai,3,A_coords,194,0.06631944444444444,0.8760535448686168
rai,22,A_coords,205,0.6558398950131233,0.6534883720930232
rai,29,B_coords,271,0.235593884751078,0.7187196896217265
rai,9,B_coords,403,0.6434108527131783,0.40842212075088785
rai,21,G_coords,508,0.8781960227272727,0.13651087459509487
welfare,5,E_coords,880,0.7431693989071039,0.3855769230769231
rai,12,H_coords,827,0.18642477322489834,0.17592592592592593
rai,14,E_coords,704,0.19367959949937422,0.491196388261851
rai,7,E_coords,190,0.1365265558813946,0.8464528668610302
rai,28,H_coords,20,0.45690213869086194,0.43576222435282835
rai,1,G_coords,604,0.8509142053445851,0.24636955433149724
rai,27,H_coords,796,0.15917525773195876,0.3196125907990315
welfare,3,A_coords,1126,0.060211267605633806,0.9048086359175662
welfare,9,G_coords,1148,0.7697869101978692,0.2484375
rai,6,G_coords,506,0.7852604828462516,0.2552910052910053
rai,17,A_coords,107,0.5093271152564957,0.08977325312355391
welfare,5,B_coords,1089,0.6388316151202749,0.483759842519685
rai,2,H_coords,188,0.06839186691312385,0.08435374149659863
rai,28,H_coords,91,0.4539857420609203,0.3159156279961649
welfare,10,G_coords,1009,0.1409921671018277,0.4740376007162041
rai,26,H_coords,565,0.6272518833933836,0.652352672453175
rai,11,G_coords,604,0.10579757615460203,0.24779990736452062
welfare,27,A_coords,1087,0.5583333333333333,0.11967545638945233
rai,21,D_coords,187,0.8615064213814647,0.18006263048016702
welfare,29,E_coords,942,0.9652203856749312,0.029737903225806453
rai,27,B_coords,711,0.5904496340188219,0.2689030883919063
rai,24,D_coords,557,0.7564730580825753,0.5633802816901409
rai,21,D_coords,544,0.9094064560916348,0.627348643006263
rai,18,G_coords,377,0.7503328894806924,0.22612826603325414
rai,8,D_coords,603,0.902791461412151,0.7813102119460501
rai,26,B_coords,626,0.3288633461047254,0.5460526315789473
welfare,9,D_coords,1248,0.8547899159663865,0.12505989458552946
welfare,3,A_coords,1084,0.45492957746478874,0.33709519136408245
welfare,10,A_coords,1027,0.18303721086154878,0.3582018173122908
rai,1,G_coords,548,0.0450070323488045,0.9093640460691037
rai,24,D_coords,62,0.6850944716585025,0.5352112676056338
rai,11,G_coords,826,0.6033409760890927,0.6641963872163038
rai,28,B_coords,0,0.29770469338814665,0.6095856215676485
welfare,4,H_coords,1026,0.7258869908015769,0.35197613721103654
rai,11,G_coords,85,0.662626924336718,0.23853635942566004
welfare,4,A_coords,985,0.6423034330011074,0.2640117994100295
welfare,5,E_coords,1117,0.5721632915461267,0.30096153846153845
welfare,3,A_coords,1124,0.5059859154929578,0.5897939156035329
rai,8,G_coords,1086,0.8125191776618594,0.11816578483245149
rai,6,G_coords,392,0.5470139771283354,0.20414462081128748
welfare,5,E_coords,1089,0.28318868531018965,0.4322115384615385
rai,19,E_coords,85,0.5913946587537092,0.9576719576719577
rai,3,E_coords,376,0.45117245473434253,0.20414462081128748
rai,4,D_coords,605,0.8143133462282398,0.8588016720854621
rai,16,G_coords,266,0.4521072796934866,0.1963955637707948
rai,29,B_coords,30,0.40729125833006663,0.48157129000969934
rai,26,B_coords,570,0.44891443167305234,0.7227443609022557
rai,16,B_coords,266,0.6775523145212429,0.5164886205294937
rai,8,G_coords,1049,0.4016569499846579,0.7107583774250441
welfare,29,E_coords,929,0.7930440771349863,0.21219758064516128
rai,29,B_coords,233,0.3426107408859271,0.0863239573229874
welfare,6,E_coords,1059,0.8094351334574799,0.25396825396825395
rai,5,E_coords,287,0.5674083769633508,0.13740102468560783
rai,1,D_coords,737,0.6522884425419823,0.13779718583212033
rai,3,E_coords,451,0.197091124962897,0.677689594356261
rai,6,G_coords,236,0.5975222363405337,0.5784832451499118
welfare,4,A_coords,1171,0.40005537098560356,0.23008849557522124
rai,4,D_coords,563,0.24016763378465505,0.6293543892243382
rai,2,H_coords,196,0.9214417744916821,0.04353741496598639
rai,2,H_coords,798,0.8296364756623537,0.34512471655328797
welfare,8,D_coords,1131,0.45103177202751393,0.7701333333333333
welfare,27,G_coords,981,0.7753772290809328,0.4214876033057851
rai,23,A_coords,656,0.462372658560631,0.6134371957156767
welfare,10,G_coords,1131,0.3554177545691906,0.5438675022381378
welfare,4,A_coords,897,0.5642303433001108,0.3687315634218289
rai,12,A_coords,499,0.5072697899838449,0.3359126081019572
rai,26,B_coords,864,0.7241379310344828,0.30968045112781956
welfare,10,G_coords,897,0.14197127937336815,0.7658907788719785
rai,2,A_coords,81,0.3968531468531469,0.18851251840942562
rai,17,H_coords,88,0.682480515079634,0.28433268858800775
welfare,5,B_coords,1172,0.33814432989690724,0.6446850393700787
rai,14,E_coords,769,0.6364205256570713,0.6207674943566591
rai,1,G_coords,737,0.9556962025316456,0.36955433149724587
welfare,28,H_coords,902,0.4110846650799048,0.37222222222222223
rai,27,B_coords,787,0.3290345067967933,0.1496272630457934
rai,29,B_coords,173,0.4143473147785182,0.3642095053346266
rai,11,G_coords,700,0.2309204061578775,0.12320518758684576
welfare,12,D_coords,1159,0.4337837837837838,0.5219712525667352
welfare,4,H_coords,884,0.6851511169513798,0.4436987322893363
welfare,9,D_coords,1032,0.3042016806722689,0.2050790608528989
rai,27,B_coords,193,0.8428023701638201,0.251863684771033
rai,20,A_coords,151,0.7765494137353434,0.34563758389261745
welfare,5,B_coords,1026,0.22542955326460482,0.3188976377952756
rai,5,D_coords,392,0.6012250161186331,0.7597555242125059
rai,15,E_coords,471,0.8900033433634236,0.29046673286991065
welfare,1,H_coords,1007,0.1532818532818533,0.741813004271476
welfare,27,G_coords,1124,0.9070644718792867,0.7476908118619349
welfare,10,A_coords,1003,0.08012068387529332,0.6197991391678622
rai,15,G_coords,788,0.1516602809706258,0.7102587800369686
rai,14,B_coords,205,0.2980993664554852,0.6232841891204881
rai,10,H_coords,700,0.8055360896986685,0.2610597958191541
welfare,8,D_coords,1086,0.507369800196528,0.4112
rai,10,H_coords,61,0.7252978276103714,0.23723869713174525
rai,25,D_coords,135,0.44417134831460675,0.15989717223650385
welfare,12,D_coords,1166,0.5843243243243244,0.6574948665297742
rai,13,G_coords,377,0.735402068735402,0.6470009832841691
welfare,12,D_coords,1226,0.36324324324324325,0.25831622176591373
rai,9,H_coords,76,0.5762599469496021,0.16463414634146342
rai,29,E_coords,187,0.030629417704476608,0.03246433841613379
rai,3,E_coords,679,0.5520926090828139,0.2429453262786596
rai,12,A_coords,542,0.6465266558966074,0.6208466090122895
rai,2,H_coords,272,0.3585951940850277,0.28435374149659864
rai,2,H_coords,770,0.05760936537276648,0.9546485260770975
rai,7,E_coords,80,0.9393939393939394,0.8177842565597667
rai,29,E_coords,204,0.2904745876809155,0.6596163305459911
rai,3,A_coords,511,0.4375,0.9400099157164105
rai,21,G_coords,204,0.4921875,0.46876446089773255
welfare,3,A_coords,1176,0.7024647887323944,0.3930323846908734
welfare,10,G_coords,1186,0.8593342036553525,0.3285586392121755
rai,21,G_coords,738,0.4797585227272727,0.14298935677926886
rai,5,E_coords,194,0.39267015706806285,0.9208197484862599
welfare,2,E_coords,926,0.6772521062864549,0.2578921806702283
rai,29,B_coords,311,0.5860446883575069,0.3685741998060136
rai,1,D_coords,151,0.652617714850181,0.30373605046094126
welfare,12,D_coords,939,0.22783783783783784,0.5609856262833676
welfare,3,H_coords,917,0.6345314074571716,0.22164948453608246
welfare,27,G_coords,970,0.5445816186556928,0.13417598444336412
rai,10,H_coords,539,0.9383321653819201,0.32280019445794844
welfare,3,H_coords,1153,0.21598925092374874,0.26101218369259604
rai,15,E_coords,9,0.4887997325309261,0.27805362462760674
welfare,11,H_coords,998,0.346084446048358,0.45011494252873563
rai,10,H_coords,189,0.9607568325157674,0.4929508993680117
rai,22,H_coords,700,0.6705696202531646,0.5196589294173377
rai,27,H_coords,827,0.19134020618556702,0.43825665859564167
rai,5,D_coords,768,0.6054158607350096,0.6732487070992007
rai,11,B_coords,826,0.38135376756066414,0.2615664845173042
rai,2,A_coords,738,0.6244755244755245,0.43986254295532645
welfare,0,A_coords,1152,0.787052810902896,0.1796116504854369
welfare,1,H_coords,1127,0.08185328185328185,0.8196487897484576
rai,2,A_coords,272,0.5884615384615385,0.09229258713794797
welfare,5,B_coords,1032,0.3604810996563574,0.3302165354330709
rai,21,G_coords,391,0.8093039772727273,0.17029153169828784
rai,2,H_coords,738,0.47689463955637706,0.7900226757369615
rai,16,G_coords,600,0.10057471264367816,0.19408502772643252
rai,6,B_coords,507,0.6765470618824753,0.3857033639143731
welfare,11,H_coords,1226,0.6983038614218694,0.6735632183908046
rai,14,B_coords,340,0.15905301767255753,0.9552618200305033
welfare,0,A_coords,1094,0.34787052810902896,0.13932038834951457
rai,4,G_coords,843,0.4103887168902649,0.20341536916122552
welfare,0,A_coords,897,0.8391822827938671,0.35194174757281554
welfare,29,E_coords,951,0.9665977961432507,0.12399193548387097
rai,13,G_coords,810,0.38538538538538536,0.19960668633235004
rai,2,A_coords,748,0.35384615384615387,0.7221404025527737
rai,13,B_coords,207,0.2729090303232256,0.7690014903129657
rai,22,H_coords,196,0.13164556962025317,0.1122690667929891
rai,13,G_coords,656,0.6690023356690024,0.3382497541789577
welfare,2,E_coords,1131,0.857096565132858,0.32200097134531325
rai,3,A_coords,391,0.06909722222222223,0.7416955875061974
welfare,2,E_coords,1172,0.592352559948153,0.13841670713938806
rai,0,D_coords,680,0.6751787538304392,0.5292026409344845
rai,26,H_coords,257,0.3494923026531281,0.4029237094563728
rai,1,D_coords,188,0.35199209746460325,0.5012130033964095
rai,12,A_coords,187,0.05298869143780291,0.42239417387346384
rai,5,D_coords,152,0.6734364925854287,0.8128819934179595
rai,16,G_coords,804,0.5740740740740741,0.7222735674676525
rai,16,B_coords,624,0.1613823715916297,0.06177426846261031
welfare,5,E_coords,1026,0.9723561555769848,0.08653846153846154
rai,16,B_coords,604,0.2958148383005707,0.7059916395726893
rai,12,H_coords,230,0.47513293712855803,0.4532627865961199
welfare,28,H_coords,950,0.37504250255015303,0.7268518518518519
welfare,27,G_coords,1200,0.15020576131687244,0.1652892561983471
rai,6,B_coords,47,0.2958918356734269,0.4709480122324159
welfare,28,H_coords,897,0.3862631757905474,0.3013888888888889
rai,7,E_coords,176,0.5751058976865429,0.5043731778425656
rai,2,H_coords,656,0.4550215650030807,0.6702947845804988
rai,14,B_coords,148,0.5918639546515505,0.8235892221657346
rai,28,H_coords,221,0.6568373298768633,0.2037392138063279
rai,27,B_coords,145,0.8173579644475427,0.7902023429179978
rai,7,E_coords,50,0.35777126099706746,0.08746355685131195
welfare,29,E_coords,926,0.4872589531680441,0.6209677419354839
rai,6,G_coords,657,0.44186785260482847,0.3373015873015873
rai,5,D_coords,287,0.745003223726628,0.8274565115185708
rai,13,B_coords,47,0.19293568810396536,0.6537506209637357
rai,15,E_coords,118,0.3597459043798061,0.6524329692154915
rai,4,D_coords,361,0.5219213410702772,0.8109614491407339
welfare,27,A_coords,1174,0.8208333333333333,0.16734279918864098
welfare,9,D_coords,1112,0.6191596638655462,0.33349305222807857
rai,0,D_coords,192,0.9322437861763705,0.6094464195022854
rai,2,H_coords,768,0.3915588416512631,0.836281179138322
welfare,2,E_coords,1001,0.3953337653920933,0.4439048081593006
welfare,10,G_coords,917,0.46475195822454307,0.6450313339301701
rai,18,B_coords,249,0.21224238695785913,0.46164021164021163
welfare,0,A_coords,1102,0.14616695059625212,0.654368932038835
rai,7,A_coords,80,0.6656,0.5121495327102804
rai,29,E_coords,30,0.49814877145742176,0.750614854894245
rai,25,G_coords,360,0.6908361616784943,0.5600370885489105
rai,29,E_coords,189,0.3116795691686301,0.7761928184948352
rai,2,H_coords,626,0.4020332717190388,0.3687074829931973
welfare,2,E_coords,1219,0.652948801036941,0.6090335114133074
rai,5,D_coords,77,0.7869116698903933,0.4226610249177245
rai,1,D_coords,306,0.652617714850181,0.6705482775351771
welfare,6,E_coords,989,0.7880198634388579,0.33994708994708994
rai,3,A_coords,428,0.6315972222222223,0.8715914724838869
rai,0,H_coords,737,0.662298764507675,0.33906633906633904
welfare,11,H_coords,985,0.147239263803681,0.5572413793103448
rai,29,E_coords,254,0.5496465836418715,0.30545991146089524
welfare,7,B_coords,880,0.35422788116225923,0.3143939393939394
rai,12,H_coords,770,0.9302471066624961,0.5784832451499118
rai,11,G_coords,810,0.17622011136586962,0.5474756831866605
rai,13,B_coords,776,0.34155281572809065,0.7247888723298559
rai,22,A_coords,391,0.5711942257217848,0.40651162790697676
rai,8,G_coords,1118,0.8695918993556305,0.1472663139329806
rai,10,H_coords,444,0.6541695865451997,0.2445308701993194
rai,17,H_coords,196,0.24940698068451372,0.08704061895551257
rai,16,B_coords,373,0.3703233988585923,0.777519739897817
rai,0,H_coords,732,0.7959565705728192,0.04914004914004914
welfare,11,H_coords,940,0.7798628653915554,0.6202298850574712
rai,6,B_coords,449,0.6047841913676547,0.5042048929663608
welfare,10,G_coords,1003,0.1746083550913838,0.14010743061772604
rai,8,G_coords,875,0.3949064130101258,0.24382716049382716
rai,22,A_coords,508,0.8267716535433071,0.8348837209302326
rai,25,D_coords,196,0.6794241573033708,0.6107969151670951
rai,0,H_coords,477,0.48820666417072256,0.15921375921375922
rai,27,H_coords,173,0.5397938144329897,0.4692493946731235
rai,17,A_coords,192,0.9287141905396402,0.09116149930587691
welfare,3,H_coords,996,0.2989586832381592,0.3392689784442362
rai,28,H_coords,81,0.5178224238496435,0.540268456375839
rai,12,H_coords,694,0.3787926180794495,0.08245149911816578
rai,25,G_coords,611,0.3045356371490281,0.44042651831247104
rai,22,A_coords,539,0.6384514435695539,0.38232558139534883
rai,0,H_coords,601,0.49344814676151255,0.35085995085995086
rai,3,E_coords,748,0.398337785693084,0.7451499118165785
welfare,28,H_coords,1092,0.4882692961577695,0.5277777777777778
rai,6,B_coords,563,0.7977119084763391,0.2805810397553517
rai,12,H_coords,550,0.5283077885517673,0.5291005291005291
rai,17,A_coords,570,0.6272485009993338,0.6732993984266543
welfare,5,B_coords,1048,0.35738831615120276,0.4438976377952756
welfare,27,A_coords,1096,0.6277777777777778,0.05425963488843814
welfare,1,H_coords,1243,0.4088803088803089,0.3654485049833887
rai,2,H_coords,797,0.5566851509550216,0.7156462585034014
welfare,6,B_coords,1168,0.45251774248056775,0.5683247570040023
rai,0,H_coords,192,0.7120928491201797,0.11695331695331695
rai,22,A_coords,119,0.7188320209973753,0.6432558139534884
rai,18,G_coords,507,0.24434087882822902,0.8247030878859858
rai,11,G_coords,265,0.8444153291844088,0.1440481704492821
welfare,3,H_coords,1094,0.48303661404098086,0.37628865979381443
rai,13,G_coords,7,0.320653987320654,0.24336283185840707
welfare,7,G_coords,1165,0.6320819112627987,0.6388888888888888
rai,5,E_coords,600,0.26341623036649214,0.38658593386120166
welfare,28,H_coords,1007,0.41652499149948996,0.20694444444444443
rai,29,B_coords,151,0.20109760878087024,0.3850630455868089
rai,13,G_coords,736,0.7387387387387387,0.22468043264503443
rai,18,G_coords,492,0.40579227696404796,0.10783847980997625
rai,15,G_coords,196,0.20721583652618136,0.8022181146025879
rai,16,B_coords,50,0.07577679137603044,0.8820250812819321
welfare,6,E_coords,911,0.16418373680943513,0.36772486772486773
rai,7,A_coords,615,0.31168,0.31588785046728973
welfare,6,B_coords,884,0.12200067590402162,0.10405946255002858
rai,5,E_coords,141,0.162630890052356,0.4350256171401956
rai,4,G_coords,605,0.8957688338493293,0.5600200904068308
welfare,3,A_coords,1158,0.07253521126760563,0.302747791952895
rai,3,A_coords,191,0.4239583333333333,0.1517104610808131
rai,0,H_coords,196,0.3620366903781355,0.5179361179361179
welfare,29,E_coords,891,0.31852617079889806,0.5055443548387096
rai,22,H_coords,519,0.8765822784810127,0.4258645191852203
rai,16,B_coords,242,0.33703233988585923,0.3214119832791454
rai,24,G_coords,826,0.30428769017980634,0.6016496846191169
rai,27,B_coords,30,0.3450679679330777,0.30404685835995743
rai,7,A_coords,176,0.18432,0.5803738317757009
welfare,12,D_coords,1105,0.34243243243243243,0.5277207392197125
rai,21,G_coords,656,0.7414772727272727,0.0879222582137899
rai,24,G_coords,557,0.7074688796680498,0.19359534206695778
welfare,6,B_coords,1197,0.5086177762757689,0.3836477987421384
rai,27,H_coords,711,0.5397938144329897,0.2440677966101695
rai,11,B_coords,827,0.4326947637292465,0.5067395264116575
welfare,1,H_coords,916,0.4745173745173745,0.4508780256288562
rai,8,D_coords,538,0.554351395730706,0.36753371868978807
welfare,3,H_coords,1084,0.47094390325831376,0.2778819119025305
rai,20,E_coords,119,0.10957051065268854,0.14102564102564102
rai,27,H_coords,188,0.8230927835051547,0.19418886198547217
welfare,27,G_coords,1231,0.25137174211248287,0.3845405930967428
welfare,1,H_coords,946,0.6749034749034749,0.730422401518747
welfare,29,E_coords,890,0.7868457300275482,0.3815524193548387
rai,25,G_coords,285,0.5924097500771367,0.0630505331478906
welfare,3,A_coords,1043,0.9253521126760563,0.5721295387634936
welfare,7,G_coords,933,0.42935153583617747,0.4811676082862524
rai,15,G_coords,242,0.6206896551724138,0.18576709796672827
rai,26,B_coords,387,0.43039591315453385,0.26644736842105265
rai,11,B_coords,321,0.5946360153256705,0.5132969034608379
rai,6,B_coords,204,0.6019240769630785,0.37767584097859325
welfare,10,A_coords,1131,0.8213208179684881,0.5461501673840268
rai,19,D_coords,527,0.40737179487179487,0.7006548175865295
rai,17,A_coords,834,0.5423051299133911,0.4474780194354466
welfare,9,G_coords,1244,0.1232876712328767,0.778125
rai,4,G_coords,10,0.825249398004816,0.3867403314917127
rai,15,G_coords,492,0.514367816091954,0.7518484288354899
rai,16,G_coords,788,0.1516602809706258,0.7102587800369686
rai,15,E_coords,29,0.8535606820461384,0.4458788480635551
rai,26,B_coords,702,0.8231162196679438,0.5667293233082706
rai,16,G_coords,195,0.7819284802043422,0.8530499075785583
welfare,7,B_coords,1166,0.2464903689193601,0.16808712121212122
rai,22,H_coords,797,0.7965189873417722,0.2501184272856466
welfare,1,H_coords,1026,0.18301158301158302,0.09966777408637874
rai,16,B_coords,492,0.49112238427393784,0.1699953553181607
welfare,10,A_coords,1192,0.5269862554475361,0.44715447154471544
rai,13,B_coords,232,0.4051982672442519,0.11525086934923001
welfare,29,E_coords,907,0.47210743801652894,0.34173387096774194
welfare,2,E_coords,1208,0.24659753726506806,0.2219524040796503
welfare,5,B_coords,989,0.2797250859106529,0.5093503937007874
welfare,9,D_coords,970,0.600672268907563,0.2501197891710589
welfare,7,G_coords,1166,0.22081911262798634,0.300376647834275
rai,21,D_coords,188,0.8104824713641097,0.20511482254697286
rai,26,B_coords,257,0.6554916985951469,0.3317669172932331
rai,11,B_coords,700,0.5006385696040868,0.8360655737704918
rai,17,H_coords,610,0.8458149779735683,0.09381044487427466
rai,3,A_coords,739,0.16805555555555557,0.4556271690629648
rai,0,D_coords,360,0.7766428328226082,0.15540883697308278
welfare,28,H_coords,875,0.23733424005440326,0.5907407407407408
rai,8,D_coords,745,0.871264367816092,0.05491329479768786
rai,13,G_coords,173,0.7330663997330664,0.3048180924287119
rai,26,B_coords,624,0.2136015325670498,0.32048872180451127
rai,23,A_coords,393,0.4932632270785409,0.3539435248296008
welfare,4,A_coords,1178,0.17691029900332225,0.0943952802359882
welfare,3,H_coords,1219,0.3943567349680887,0.05529522024367385
rai,12,A_coords,88,0.5873990306946688,0.5776058261265362
welfare,6,E_coords,1197,0.6483550589695841,0.5392416225749559
welfare,11,H_coords,977,0.41392998917358353,0.14206896551724138
rai,8,H_coords,737,0.8471316818774446,0.26359447004608294
rai,23,A_coords,747,0.37200131449227736,0.6611489776046738
rai,11,G_coords,86,0.1326564035375041,0.32931912922649376
welfare,4,H_coords,985,0.15269382391590014,0.2721849366144668
rai,6,B_coords,281,0.3166926677067083,0.36085626911314983
rai,8,H_coords,560,0.3790743155149935,0.5493087557603686
rai,26,H_coords,745,0.4346544382574517,0.7277295568752855
rai,0,H_coords,507,0.724073380756271,0.4412776412776413
rai,6,B_coords,193,0.3845553822152886,0.06880733944954129
rai,12,A_coords,278,0.6966074313408723,0.38598088302230316
rai,28,H_coords,572,0.6160077770576798,0.05465004793863854
rai,23,A_coords,82,0.7896812356227407,0.3276533592989289
rai,21,G_coords,603,0.29332386363636365,0.18880148079592782
welfare,6,E_coords,1124,0.4338919925512104,0.23368606701940034
rai,13,G_coords,312,0.321654988321655,0.15634218289085547
rai,20,A_coords,724,0.7229480737018426,0.48034515819750717
rai,17,H_coords,730,0.29041003049813624,0.38781431334622823
welfare,12,D_coords,1227,0.4618918918918919,0.3737166324435318
rai,4,D_coords,743,0.7082527401676337,0.5169530887134232
welfare,9,G_coords,1222,0.6537290715372908,0.765625
rai,25,D_coords,415,0.6400983146067416,0.5120822622107969
welfare,2,E_coords,1152,0.4646791963707064,0.3773676542010685
welfare,7,G_coords,1069,0.20648464163822525,0.7203389830508474
rai,9,H_coords,196,0.03083554376657825,0.9380863039399625
rai,15,E_coords,428,0.10865931126713474,0.07944389275074479
welfare,4,H_coords,1093,0.5469119579500658,0.039895600298284865
rai,4,G_coords,176,0.6425868593051256,0.17780010045203415
rai,28,H_coords,602,0.6160077770576798,0.33557046979865773
rai,8,G_coords,1134,0.8833998158944462,0.2768959435626102
rai,5,D_coords,141,0.6740812379110251,0.7169722614010343
rai,10,H_coords,471,0.4281709880868956,0.3582887700534759
welfare,7,B_coords,1204,0.3339862879529873,0.8423295454545454
rai,14,B_coords,393,0.3671223741247082,0.8164717844433147
rai,1,G_coords,243,0.7848101265822784,0.30645968953430147
rai,1,G_coords,543,0.2429676511954993,0.38057085628442666
welfare,7,G_coords,880,0.9389078498293515,0.7782485875706214
rai,26,B_coords,395,0.101213282247765,0.09445488721804511
rai,2,A_coords,280,0.2947552447552448,0.7535591556210113
rai,28,H_coords,207,0.5793907971484121,0.663470757430489
rai,25,D_coords,207,0.35463483146067415,0.187146529562982
rai,21,G_coords,544,0.40589488636363635,0.7302174919018972
welfare,7,B_coords,985,0.3901403852432256,0.13683712121212122
rai,14,E_coords,390,0.06695869837296621,0.0889390519187359
welfare,29,E_coords,1085,0.6584022038567493,0.5080645161290323
rai,11,B_coords,189,0.7481481481481481,0.1296903460837887
rai,10,H_coords,544,0.22179397337070778,0.27564414195430237
rai,4,D_coords,176,0.8023855577047067,0.4435671156525778
rai,6,B_coords,104,0.6783671346853875,0.4892966360856269
welfare,3,A_coords,917,0.5985915492957746,0.053974484789008834
welfare,12,E_coords,1214,0.7473160513223357,0.483206106870229
rai,23,A_coords,550,0.30726256983240224,0.14800389483933787
welfare,7,B_coords,918,0.31603003591250406,0.44554924242424243
rai,27,B_coords,796,0.28267689090275355,0.533013844515442
welfare,7,G_coords,1056,0.14675767918088736,0.7462335216572504
rai,17,H_coords,50,0.3534395120298204,0.9535783365570599
rai,21,D_coords,391,0.3717459215550156,0.48851774530271397
rai,20,A_coords,196,0.5869346733668341,0.13470757430488975
rai,8,G_coords,1041,0.7723227984044185,0.3747795414462081
rai,12,H_coords,204,0.12761964341570223,0.2275132275132275
welfare,12,E_coords,1075,0.5634982979837654,0.5931297709923664
rai,1,D_coords,826,0.6407639117550215,0.782144590004852
rai,26,B_coords,607,0.5938697318007663,0.13721804511278196
rai,5,E_coords,188,0.9276832460732984,0.1257568700512343
rai,28,B_coords,541,0.750942103460089,0.7598602096854717
rai,1,G_coords,508,0.8459915611814346,0.12268402603905859
rai,5,E_coords,151,0.5710078534031413,0.735444806707033
rai,24,D_coords,418,0.8519944016794961,0.27414486921529174
rai,29,B_coords,10,0.10231281850254802,0.30892337536372455
welfare,4,H_coords,1176,0.5122207621550592,0.13460104399701714
rai,8,D_coords,452,0.3845648604269294,0.14113680154142583
rai,7,E_coords,510,0.4607363962202672,0.37123420796890183
rai,9,B_coords,442,0.19649477586788,0.30796549974632165
rai,11,B_coords,195,0.9108556832694764,0.8014571948998178
rai,28,B_coords,388,0.6834532374100719,0.3594608087868198
rai,24,G_coords,391,0.7064315352697096,0.35953420669577874
rai,8,G_coords,880,0.5335992635777846,0.3712522045855379
rai,13,G_coords,440,0.7327327327327328,0.7384464110127827
rai,29,E_coords,233,0.21777179400875127,0.20363994097393015
rai,20,E_coords,559,0.32093337842407843,0.20956607495069032
welfare,6,E_coords,1168,0.8572315332091869,0.800705467372134
rai,2,A_coords,798,0.1041958041958042,0.7039764359351989
rai,15,G_coords,266,0.4521072796934866,0.1963955637707948
rai,10,H_coords,615,0.906447091800981,0.42780748663101603
rai,25,G_coords,806,0.4800987349583462,0.2763096893834029
welfare,5,E_coords,929,0.29604628736740596,0.9
rai,13,B_coords,737,0.7047650783072309,0.15846994535519127
welfare,7,G_coords,1204,0.3750853242320819,0.449623352165725
rai,27,H_coords,14,0.3068041237113402,0.4518159806295399
welfare,2,E_coords,1178,0.712896953985742,0.4526469159786304
rai,26,B_coords,805,0.5957854406130269,0.30874060150375937
welfare,4,H_coords,1022,0.552431011826544,0.35831469052945564
rai,18,B_coords,543,0.4490925868963396,0.6168430335097002
rai,15,G_coords,600,0.10057471264367816,0.19408502772643252
rai,24,D_coords,10,0.7568229531140658,0.48490945674044267
rai,18,B_coords,61,0.5047677637649954,0.3315696649029982
rai,4,G_coords,16,0.8386652906776746,0.10396785534907081
rai,22,A_coords,797,0.380249343832021,0.347906976744186
rai,25,D_coords,611,0.363061797752809,0.5557840616966581
rai,4,G_coords,563,0.0956312349501204,0.7292817679558011
rai,11,G_coords,827,0.785784474287586,0.2792959703566466
rai,9,H_coords,704,0.4217506631299735,0.2969043151969981
rai,16,B_coords,702,0.5250475586556753,0.34928007431490943
rai,7,E_coords,748,0.7373737373737373,0.5903790087463557
welfare,7,G_coords,1099,0.8641638225255973,0.6699623352165726
rai,6,B_coords,738,0.5418616744669786,0.45451070336391436
rai,14,E_coords,806,0.33667083854818525,0.1855530474040632
welfare,8,D_coords,875,0.7048804454634785,0.19306666666666666
welfare,11,H_coords,1243,0.7040779501984843,0.21471264367816092
rai,8,D_coords,76,0.510016420361248,0.7398843930635838
rai,17,A_coords,248,0.31845436375749503,0.16612679315131884
rai,18,G_coords,61,0.5622503328894807,0.8441805225653206
rai,3,E_coords,60,0.5218165627782725,0.05555555555555555
rai,8,H_coords,603,0.2545632333767927,0.6377880184331797
rai,17,H_coords,392,0.5398170111826499,0.2765957446808511
rai,16,G_coords,370,0.45338441890166026,0.7781885397412199
rai,18,B_coords,237,0.393109812365426,0.1715167548500882
welfare,6,E_coords,1230,0.7808814400993171,0.58994708994709
welfare,28,H_coords,1013,0.3444406664399864,0.39444444444444443
rai,17,H_coords,191,0.12639783124364623,0.25
rai,2,A_coords,142,0.5101398601398601,0.6254295532646048
welfare,8,D_coords,904,0.46249590566655746,0.07786666666666667
welfare,10,G_coords,951,0.9513707571801566,0.10966875559534467
rai,1,D_coords,543,0.7458017780704643,0.41727316836487144
rai,21,D_coords,328,0.6855258590767095,0.37004175365344466
rai,12,A_coords,716,0.7495961227786753,0.4701866181156122
welfare,8,D_coords,1167,0.5001637733377006,0.3178666666666667
welfare,12,D_coords,1143,0.29621621621621624,0.32854209445585214
rai,0,H_coords,50,0.917633845001872,0.2648648648648649
rai,16,G_coords,748,0.8125798212005109,0.35951940850277264
rai,27,B_coords,748,0.34959916347159287,0.5207667731629393
rai,1,G_coords,188,0.4057665260196906,0.5788683024536805
rai,11,G_coords,313,0.1663937111038323,0.15331171838814267
welfare,6,B_coords,989,0.27712064886786075,0.34877072612921667
rai,17,A_coords,745,0.6962025316455697,0.7140212864414622
rai,18,B_coords,101,0.4715472162411566,0.09391534391534391
rai,16,G_coords,702,0.9447637292464879,0.6418669131238447
rai,19,D_coords,196,0.09615384615384616,0.8746492048643593
rai,5,D_coords,60,0.4571244358478401,0.3305124588622473
rai,19,D_coords,748,0.5974358974358974,0.3391019644527596
rai,26,H_coords,542,0.5076973468719292,0.6984924623115578
rai,16,B_coords,370,0.543436905516804,0.09753831862517418
rai,28,B_coords,20,0.3579993148338472,0.37044433349975037
rai,0,D_coords,29,0.4433094994892748,0.10919248349415947
rai,3,A_coords,394,0.18854166666666666,0.6043629152206247
rai,26,H_coords,380,0.05273501473960039,0.08999543170397442
rai,1,G_coords,262,0.5959915611814346,0.1542313470205308
welfare,27,A_coords,1012,0.09618055555555556,0.3524340770791075
rai,18,G_coords,571,0.5496005326231691,0.5809976247030879
welfare,27,A_coords,1124,0.8840277777777777,0.17089249492900607
rai,23,A_coords,549,0.6743345382845876,0.42745861733203505
rai,8,H_coords,569,0.6626466753585397,0.6483870967741936
rai,2,A_coords,530,0.4555944055944056,0.7260677466863034
rai,14,B_coords,710,0.25608536178726243,0.5200813421453991
rai,24,G_coords,398,0.12448132780082988,0.16545366327025715
welfare,11,H_coords,1055,0.7177914110429447,0.33011494252873563
rai,15,E_coords,415,0.7947174857907054,0.4826216484607746
welfare,7,G_coords,1001,0.48600682593856653,0.12099811676082863
rai,27,H_coords,787,0.4507216494845361,0.6639225181598063
rai,25,D_coords,540,0.7317415730337079,0.761439588688946
rai,29,B_coords,116,0.7044296354370835,0.6483996120271581
rai,14,E_coords,605,0.27252816020025034,0.5855530474040632
welfare,4,A_coords,1077,0.3300110741971207,0.6913716814159292
rai,0,H_coords,604,0.8180456757768626,0.33955773955773955
rai,20,A_coords,605,0.6596314907872697,0.4573346116970278
rai,12,H_coords,542,0.2521113543947451,0.7147266313932981
rai,9,H_coords,826,0.6850132625994695,0.2650093808630394
rai,0,H_coords,29,0.8468738300262074,0.6127764127764128
welfare,7,G_coords,954,0.9494880546075085,0.4477401129943503
rai,8,G_coords,1131,0.33323105247008283,0.5599647266313933
welfare,4,A_coords,873,0.8325027685492802,0.15117994100294985
welfare,9,G_coords,896,0.05707762557077625,0.8192708333333333
welfare,27,G_coords,1234,0.9015775034293553,0.49538162372386974
welfare,11,H_coords,1093,0.6932515337423313,0.5535632183908046
rai,0,H_coords,543,0.40022463496817673,0.41818181818181815
rai,1,D_coords,604,0.7395456042146855,0.2076661814653081
rai,7,A_coords,192,0.07936,0.7948598130841121
rai,17,A_coords,861,0.12391738840772819,0.5867653863951874
welfare,8,D_coords,1068,0.6442843105142483,0.7402666666666666
rai,9,B_coords,196,0.8621503201887428,0.7432775240994419
rai,5,E_coords,196,0.032395287958115186,0.7093619003260363
rai,12,H_coords,499,0.22802627463246794,0.609347442680776
rai,1,D_coords,232,0.793546262759302,0.16060164968461912
welfare,4,A_coords,1158,0.21428571428571427,0.4553834808259587
rai,2,H_coords,748,0.5483672211953173,0.4439909297052154
rai,7,A_coords,386,0.59392,0.6439252336448598
rai,18,B_coords,571,0.5382959089510919,0.1371252204585538
welfare,6,E_coords,885,0.22191185599006827,0.33994708994708994
rai,17,H_coords,796,0.4910199932226364,0.7973887814313346
rai,3,A_coords,798,0.27291666666666664,0.5066931085770947
welfare,5,E_coords,1055,0.35454837672774026,0.2692307692307692
welfare,3,H_coords,1202,0.4319785018474975,0.85941893158388
rai,21,G_coords,196,0.7705965909090909,0.6668209162424803
rai,11,G_coords,137,0.184736324926302,0.2445576655859194
rai,2,H_coords,142,0.6977818853974121,0.5328798185941043
welfare,10,A_coords,1190,0.26684545759302714,0.7484457197513151
rai,16,G_coords,50,0.28544061302681994,0.4329944547134935
welfare,0,A_coords,962,0.802725724020443,0.437378640776699
rai,5,D_coords,188,0.24081237911025144,0.24917724494593324
welfare,6,B_coords,984,0.5221358567083474,0.7570040022870211
rai,18,B_coords,195,0.08551215010765918,0.8959435626102292
rai,18,B_coords,14,0.2642263918794217,0.12874779541446207
welfare,8,D_coords,1049,0.4156567310841795,0.6608
rai,18,B_coords,106,0.5509074131036604,0.3941798941798942
rai,8,H_coords,745,0.34810951760104303,0.6483870967741936
welfare,1,H_coords,1025,0.18996138996138995,0.2045562411010916
welfare,3,A_coords,1000,0.5147887323943662,0.35525024533856725
rai,15,G_coords,805,0.17305236270753513,0.20378927911275416
rai,8,G_coords,929,0.06996011046333231,0.1609347442680776
rai,14,B_coords,194,0.6102034011337112,0.16115912557193696
rai,2,A_coords,196,0.9017482517482518,0.07118311242022582
rai,21,G_coords,833,0.5536221590909091,0.42943081906524755
welfare,9,G_coords,970,0.2028158295281583,0.26979166666666665
rai,19,D_coords,397,0.0955128205128205,0.7511693171188026
rai,0,D_coords,543,0.8753830439223698,0.5256475368207212
rai,0,D_coords,494,0.5291113381001021,0.11884205180294566
welfare,7,B_coords,1126,0.5892915442376755,0.8267045454545454
rai,12,A_coords,605,0.44846526655896607,0.3513882567137005
rai,22,A_coords,772,0.2532808398950131,0.6558139534883721
rai,25,G_coords,33,0.6735575439679111,0.6587853500231804
welfare,27,G_coords,1222,0.7325102880658436,0.1317452600875061
rai,14,E_coords,675,0.886107634543179,0.109255079006772
welfare,10,A_coords,891,0.573918873617164,0.1917742706838833
rai,3,E_coords,394,0.2899970317601662,0.41710758377425045
rai,4,G_coords,0,0.7540419676642587,0.5504771471622301
rai,13,B_coords,80,0.13262245918027324,0.6030799801291604
rai,13,G_coords,702,0.1788455121788455,0.4616519174041298
rai,11,B_coords,591,0.6365261813537676,0.6302367941712204
rai,16,B_coords,788,0.7796448953709575,0.215513237343242
welfare,2,E_coords,1096,0.7793259883344135,0.6644001942690626
welfare,9,G_coords,1000,0.8649162861491628,0.5203125
rai,22,H_coords,810,0.13354430379746834,0.5727143533870204
rai,3,E_coords,617,0.8239833778569309,0.47707231040564374
welfare,4,H_coords,1158,0.6609724047306176,0.12751677852348994
rai,16,G_coords,767,0.9386973180076629,0.3331792975970425
rai,20,E_coords,195,0.9164693946567467,0.27317554240631164
welfare,0,A_coords,1044,0.058603066439523,0.5970873786407767
welfare,27,A_coords,970,0.4795138888888889,0.6029411764705882
rai,20,E_coords,745,0.5904633074061549,0.6760355029585798
rai,27,H_coords,508,0.11051546391752577,0.47409200968523
rai,24,D_coords,8,0.27851644506648005,0.1006036217303823
rai,22,A_coords,462,0.44553805774278216,0.48511627906976745
rai,24,D_coords,729,0.7239328201539538,0.24346076458752516
rai,4,D_coords,506,0.624113475177305,0.40222944728286114
rai,14,B_coords,605,0.4511503834611537,0.7905439755973563
welfare,5,E_coords,1024,0.789778206364513,0.823076923076923
rai,5,E_coords,152,0.6681937172774869,0.6129482999534234
rai,1,G_coords,76,0.4177215189873418,0.3024536805207812
welfare,6,B_coords,926,0.6002027712064887,0.3230417381360778
rai,21,G_coords,619,0.8451704545454546,0.34150856085145764
rai,8,H_coords,85,0.8458279009126467,0.07741935483870968
rai,9,B_coords,635,0.5146612740141557,0.5875190258751902
rai,29,B_coords,194,0.32065856526852216,0.18477206595538312
rai,27,H_coords,748,0.3183505154639175,0.3539951573849879
rai,23,A_coords,703,0.6736772921459087,0.09444985394352483
rai,8,H_coords,148,0.6228813559322034,0.45668202764976956
rai,26,B_coords,741,0.5376756066411239,0.5319548872180451
welfare,6,B_coords,1124,0.2085163906725245,0.3379073756432247
welfare,5,E_coords,1147,0.7630986820957891,0.4932692307692308
rai,13,B_coords,623,0.5498167277574142,0.8926974664679582
rai,12,A_coords,827,0.804200323101777,0.4069185252617205
welfare,11,H_coords,1022,0.39372067845543124,0.34436781609195405
welfare,2,E_coords,1202,0.9646791963707064,0.5789218067022827
rai,25,G_coords,196,0.8414069731564332,0.32777005099675477
rai,18,B_coords,7,0.3272839126422639,0.10670194003527336
welfare,0,A_coords,996,0.4575809199318569,0.38980582524271845
rai,22,H_coords,566,0.7911392405063291,0.5973472288015159
welfare,9,D_coords,1197,0.6510924369747899,0.22903689506468616
rai,21,D_coords,508,0.6393613328705311,0.30062630480167013
rai,6,B_coords,50,0.22594903796151847,0.42966360856269115
rai,16,B_coords,195,0.04311984781230184,0.3924756154203437
rai,29,E_coords,132,0.6055200269269606,0.20019675356615838
rai,10,H_coords,607,0.28381219341275404,0.4039863879436072
rai,12,H_coords,737,0.40569283703472003,0.40652557319223986
rai,12,H_coords,333,0.4741945573975602,0.33201058201058203
welfare,4,H_coords,926,0.26176084099868596,0.39560029828486204
welfare,9,G_coords,1228,0.2378234398782344,0.909375
rai,14,B_coords,769,0.4581527175725242,0.39044229791560753
welfare,0,A_coords,1114,0.38228279386712094,0.36213592233009706
rai,20,E_coords,605,0.8224551910720325,0.5172583826429981
welfare,5,E_coords,1048,0.4998392799742848,0.15625
rai,20,E_coords,151,0.7040919851200541,0.5054240631163708
rai,12,A_coords,276,0.22778675282714056,0.20118343195266272
rai,9,B_coords,826,0.6990225817323896,0.22577371892440384
rai,28,B_coords,368,0.08941418293936279,0.23165252121817273
rai,29,B_coords,542,0.13210505684045473,0.3903976721629486
welfare,1,H_coords,1094,0.3528957528957529,0.7546274323682961
rai,19,E_coords,136,0.22462908011869437,0.6887125220458554
rai,15,E_coords,11,0.21063189568706117,0.29791459781529295
rai,29,B_coords,111,0.11446491571932575,0.6314258001939864
welfare,1,H_coords,903,0.161003861003861,0.6231608922638823
welfare,12,E_coords,1099,0.562712752029327,0.6950381679389313
rai,18,G_coords,195,0.9224367509986684,0.6095011876484561
rai,14,E_coords,445,0.5275344180225282,0.8334085778781039
rai,17,H_coords,748,0.5930193154862758,0.18375241779497098
rai,27,B_coords,827,0.5454862321366329,0.49627263045793396
rai,28,H_coords,79,0.6464679196370706,0.6735378715244487
rai,19,E_coords,740,0.6688427299703265,0.47266313932980597
rai,8,D_coords,16,0.0742200328407225,0.7552986512524085
rai,19,E_coords,162,0.29495548961424334,0.23941798941798942
welfare,5,B_coords,1055,0.59553264604811,0.5743110236220472
welfare,4,A_coords,884,0.5667220376522702,0.5977138643067846
rai,6,B_coords,250,0.764690587623505,0.059250764525993885
rai,14,B_coords,571,0.6658886295431811,0.4987290289781393
rai,22,H_coords,357,0.950632911392405,0.541923259118901
welfare,29,E_coords,1048,0.32334710743801653,0.717741935483871
welfare,11,H_coords,935,0.06856730422230242,0.4625287356321839
welfare,12,D_coords,1075,0.4581081081081081,0.6525667351129364
rai,14,B_coords,675,0.2300766922307436,0.6517539400101677
rai,26,H_coords,626,0.2119226989846053,0.17587939698492464
rai,29,B_coords,104,0.764798118384947,0.2851600387972842
rai,2,H_coords,695,0.7698706099815157,0.454421768707483
rai,16,G_coords,373,0.8895274584929758,0.16774491682070242
rai,0,H_coords,494,0.6944964432796705,0.5724815724815725
welfare,11,H_coords,1177,0.24756405629736558,0.7291954022988506
rai,29,B_coords,603,0.39357114856918857,0.16731328806983511
rai,17,H_coords,80,0.37309386648593695,0.3844294003868472
rai,15,E_coords,171,0.43329989969909727,0.2601787487586892
rai,6,G_coords,104,0.39104193138500637,0.767636684303351
rai,15,G_coords,195,0.7819284802043422,0.8530499075785583
rai,20,A_coords,119,0.1527638190954774,0.48465963566634707
rai,17,H_coords,695,0.6143680108437818,0.05270793036750483
rai,3,A_coords,376,0.115625,0.4194348041646009
welfare,5,B_coords,1042,0.5195876288659794,0.16535433070866143
rai,28,B_coords,37,0.49194929770469337,0.35197204193709436
rai,21,D_coords,606,0.6570635196112461,0.9159707724425887
rai,7,A_coords,605,0.40992,0.32710280373831774
welfare,27,G_coords,1223,0.3299039780521262,0.25328147788040833
welfare,11,H_coords,1099,0.6167448574521833,0.1724137931034483
welfare,7,B_coords,958,0.2804440091413647,0.07339015151515152
rai,13,B_coords,702,0.6104631789403532,0.5146547441629409
rai,13,B_coords,7,0.2295901366211263,0.19523099850968703
rai,20,A_coords,804,0.19363484087102178,0.1404602109300096
rai,11,B_coords,85,0.5259259259259259,0.13989071038251366
welfare,9,G_coords,1135,0.3333333333333333,0.20052083333333334
rai,0,H_coords,497,0.8494945713216024,0.5046683046683047
welfare,12,E_coords,1122,0.4160775072008379,0.48854961832061067
rai,3,A_coords,333,0.6614583333333334,0.23103619236489836
rai,21,D_coords,245,0.4946199236376258,0.2254697286012526
welfare,5,B_coords,1039,0.5329896907216495,0.5182086614173228
rai,1,G_coords,826,0.4349507735583685,0.13019529293940912
welfare,9,D_coords,1228,0.1952941176470588,0.0776233828461907
rai,14,E_coords,810,0.9036295369211514,0.744469525959368
welfare,6,E_coords,1131,0.7132216014897579,0.39814814814814814
rai,9,B_coords,27,0.34108527131782945,0.3115169964485033
rai,24,G_coords,572,0.5155601659751037,0.3964095099466278
rai,14,E_coords,393,0.46245306633291616,0.2595936794582393
rai,8,D_coords,162,0.8357963875205254,0.726878612716763
rai,5,D_coords,232,0.7959381044487428,0.5049365303244006
rai,19,E_coords,61,0.21305637982195846,0.4554673721340388
rai,5,E_coords,135,0.6711387434554974,0.31718677224033537
rai,20,A_coords,565,0.2522613065326633,0.16203259827420902
rai,15,E_coords,80,0.6683383483784687,0.7378351539225422
welfare,9,D_coords,1135,0.7142857142857143,0.2678485864877815
welfare,2,E_coords,929,0.880103694102398,0.9577464788732394
rai,21,D_coords,492,0.7674418604651163,0.42379958246346555
rai,4,G_coords,225,0.19848641210870313,0.538422903063787
rai,25,G_coords,415,0.5948781240357914,0.24710245711636533
rai,29,B_coords,189,0.6726773814190513,0.05140640155189137
rai,29,E_coords,104,0.06428811847862673,0.6738809640924742
rai,15,E_coords,193,0.5486459378134403,0.9419066534260179
welfare,7,B_coords,927,0.5357492654260528,0.5520833333333334
rai,26,H_coords,607,0.35538814281035047,0.7396071265417999
rai,2,A_coords,797,0.2548951048951049,0.49779086892488955
welfare,4,H_coords,903,0.502233902759527,0.4604772557792692
rai,14,B_coords,445,0.3687895965321774,0.5866802236908999
welfare,11,H_coords,1231,0.5084806928906532,0.40873563218390807
welfare,6,B_coords,1089,0.22980736735383575,0.7209834190966267
rai,5,D_coords,620,0.816247582205029,0.7865538316878232
rai,2,H_coords,764,0.10135551447935921,0.5945578231292517
rai,25,G_coords,144,0.4171551990126504,0.36856745479833103
rai,11,G_coords,272,0.23845397969210613,0.6049096804075961
rai,5,D_coords,200,0.7195357833655706,0.47296661965209214
rai,7,E_coords,747,0.8484848484848485,0.15403304178814384
welfare,7,G_coords,985,0.941296928327645,0.16337099811676084
welfare,9,D_coords,1148,0.9203361344537815,0.09103977000479156
rai,12,H_coords,716,0.5986862683766031,0.373015873015873
rai,29,E_coords,445,0.590373611578593,0.8878504672897196
rai,7,A_coords,165,0.7104,0.7313084112149533
welfare,6,E_coords,984,0.9630664183736809,0.047619047619047616
rai,11,B_coords,700,0.951213282247765,0.42295081967213116
rai,13,B_coords,805,0.27957347550816397,0.36661698956780925
rai,22,A_coords,357,0.7641076115485564,0.8483720930232558
rai,13,G_coords,80,0.11511511511511512,0.8475909537856441
rai,4,D_coords,195,0.15989684074790458,0.42405945192754296
welfare,4,A_coords,1093,0.7796234772978959,0.07927728613569321
rai,27,H_coords,517,0.6082474226804123,0.3360774818401937
rai,22,H_coords,391,0.5569620253164557,0.27711984841307435
welfare,7,B_coords,1099,0.415605615409729,0.27509469696969696
welfare,27,G_coords,1096,0.47565157750342935,0.6961594555177443
rai,18,G_coords,101,0.2862849533954727,0.4850356294536817
rai,9,H_coords,635,0.8020557029177718,0.25562851782363977
rai,24,G_coords,191,0.334716459197787,0.11208151382823872
rai,28,H_coords,388,0.5327284510693454,0.31208053691275167
rai,14,B_coords,647,0.5668556185395132,0.7041179461108287
welfare,1,H_coords,950,0.24092664092664093,0.6635026103464642
welfare,3,A_coords,996,0.44647887323943664,0.5677134445534838
welfare,10,G_coords,1190,0.24281984334203655,0.18039391226499552
rai,8,D_coords,721,0.48702791461412154,0.3285163776493256
rai,13,B_coords,377,0.39286904365211595,0.5553899652260308
rai,1,G_coords,306,0.3748241912798875,0.08312468703054582
rai,16,B_coords,804,0.4448319594166138,0.08964235949837436
rai,19,E_coords,610,0.48338278931750744,0.9651675485008818
welfare,6,E_coords,1039,0.26132836747361887,0.5436507936507936
welfare,7,B_coords,954,0.5236696049624551,0.24763257575757575
welfare,29,E_coords,1093,0.19077134986225897,0.30493951612903225
rai,20,E_coords,196,0.9212039228948259,0.15384615384615385
welfare,6,E_coords,884,0.9649286157666046,0.30599647266313934
welfare,5,B_coords,1024,0.7106529209621993,0.2298228346456693
rai,8,D_coords,566,0.27454844006568146,0.5602119460500964
rai,6,B_coords,735,0.906136245449818,0.5714831804281345
welfare,12,D_coords,1214,0.7502702702702703,0.6336755646817248
rai,22,H_coords,192,0.304746835443038,0.09995262908574136
rai,16,B_coords,393,0.29518072289156627,0.40780306549001394
welfare,7,G_coords,875,0.6511945392491467,0.3493408662900188
welfare,9,D_coords,956,0.8910924369747899,0.5452803066602779
rai,21,G_coords,373,0.6388494318181818,0.15964831096714485
rai,22,A_coords,230,0.509514435695538,0.49023255813953487
rai,29,B_coords,445,0.3488827910623285,0.4209505334626576
rai,29,E_coords,542,0.3958263211040054,0.19183472700442694
rai,14,E_coords,571,0.682415519399249,0.17923250564334087
rai,27,B_coords,624,0.645869640989892,0.18157614483493079
rai,4,D_coords,746,0.3056092843326886,0.10032512772875057
rai,1,G_coords,193,0.46343178621659636,0.5993990986479719
rai,6,G_coords,250,0.09371029224904702,0.9285714285714286
welfare,5,E_coords,989,0.8347798135647702,0.5389423076923077
welfare,27,G_coords,1224,0.7246227709190672,0.7399124939231891
rai,21,D_coords,619,0.585213467545991,0.27035490605427975
rai,3,E_coords,810,0.7711487088156723,0.9175485008818343
welfare,6,B_coords,911,0.3440351470091247,0.7061177815894797
rai,7,E_coords,443,0.17725643532095145,0.21720116618075802
rai,15,G_coords,767,0.9386973180076629,0.3331792975970425
rai,1,G_coords,712,0.7078059071729957,0.5533299949924887
rai,15,E_coords,795,0.5994650618522234,0.24379344587884808
rai,3,E_coords,428,0.9275749480558029,0.07804232804232804
rai,23,A_coords,745,0.5244824186657904,0.5978578383641675
welfare,6,E_coords,1132,0.7467411545623837,0.25793650793650796
rai,20,A_coords,797,0.8120603015075377,0.5944391179290508
welfare,8,D_coords,981,0.6210284965607599,0.30506666666666665
welfare,12,D_coords,952,0.46837837837837837,0.14291581108829568
rai,3,A_coords,546,0.5177083333333333,0.653941497273178
rai,11,G_coords,770,0.0835244022273174,0.8480778138026864
rai,4,G_coords,195,0.6649466804265566,0.8001004520341537
rai,5,D_coords,135,0.8085106382978723,0.07193229901269393
rai,13,B_coords,192,0.8957014328557148,0.12319920516641829
rai,22,A_coords,519,0.699475065616798,0.8651162790697674
welfare,4,H_coords,873,0.4704336399474376,0.020507084265473527
rai,26,B_coords,542,0.35217113665389527,0.17904135338345864
rai,4,D_coords,0,0.4703417150225661,0.2731072921504877
rai,6,B_coords,657,0.4045761830473219,0.18692660550458715
rai,23,A_coords,391,0.4327965823200789,0.37439143135345665
welfare,9,G_coords,1119,0.928462709284627,0.30885416666666665
rai,3,A_coords,679,0.9013888888888889,0.06941001487357462
welfare,4,A_coords,1022,0.26245847176079734,0.3635693215339233
welfare,10,G_coords,879,0.8900130548302873,0.05863921217547001
rai,25,D_coords,360,0.5196629213483146,0.7804627249357327
welfare,10,G_coords,1185,0.6122715404699739,0.8473589973142346
rai,0,D_coords,507,0.5880149812734082,0.15286947689182326
rai,3,E_coords,798,0.5087563075096467,0.9431216931216931
rai,7,A_coords,7,0.83072,0.47990654205607475
welfare,10,G_coords,1094,0.7783942558746736,0.3639212175470009
rai,12,H_coords,194,0.17203628401626525,0.7204585537918872
rai,9,B_coords,701,0.3009774182676104,0.19583967529173008
rai,27,B_coords,660,0.6451725339839666,0.34824281150159747
rai,25,D_coords,542,0.3047752808988764,0.5017994858611825
welfare,10,A_coords,1126,0.08749580958766343,0.13390722142515543
welfare,7,G_coords,1190,0.2744027303754266,0.09416195856873823
rai,26,B_coords,738,0.6733716475095786,0.45535714285714285
welfare,7,B_coords,1056,0.5928827946457721,0.17424242424242425
rai,26,H_coords,738,0.2692433671798231,0.4001827318410233
rai,16,B_coords,310,0.4394419784400761,0.48351137947050626
rai,8,H_coords,80,0.49674054758800523,0.29861751152073734
rai,5,E_coords,9,0.2630890052356021,0.6571960875640428
rai,8,G_coords,1087,0.34274317275237803,0.7429453262786596
rai,1,D_coords,508,0.5897267039841949,0.24793789422610382
welfare,3,A_coords,1219,0.5098591549295775,0.4892051030421982
rai,26,H_coords,702,0.7897150343924009,0.2046596619460941
rai,20,E_coords,804,0.3845113290497125,0.47830374753451677
rai,0,H_coords,91,0.54623736428304,0.05945945945945946
welfare,9,D_coords,1119,0.7855462184873949,0.41111643507426926
rai,1,D_coords,548,0.11787948633519921,0.14992721979621543
rai,4,G_coords,608,0.5940832473340213,0.23756906077348067
rai,14,E_coords,205,0.25,0.3313769751693002
welfare,4,A_coords,886,0.8341638981173864,0.08148967551622419
welfare,8,D_coords,1041,0.11398624303963314,0.31893333333333335
rai,8,H_coords,509,0.31910039113428945,0.4488479262672811
rai,8,D_coords,148,0.9054187192118227,0.37957610789980734
rai,9,H_coords,701,0.43202917771883287,0.6744840525328331
rai,0,D_coords,477,0.3857677902621723,0.1361097003555104
rai,2,A_coords,188,0.12097902097902098,0.12223858615611193
rai,15,G_coords,702,0.9447637292464879,0.6418669131238447
